"ID,""Collection"",""ENS"",""Minting Date"",""Tx Count"",""Power"""
"1119868,""0xe58130a60d7128ffb6ff6c1f99a66ec65f7f73fd"","""",""Mon, 06 Sep 2021 17:16:00 GMT"",""1"",""5"""
"1119906,""0x17e2110610bd9db962d90621b642a1f0690151e0"","""",""Mon, 06 Sep 2021 17:25:30 GMT"",""1"",""4"""
"1119937,""0xd689478d44a438798ee0dc07657cce2135c0aef7"",""truss.eth"",""Mon, 06 Sep 2021 17:31:40 GMT"",""1"",""336"""
"1119940,""0xf0a2734313c0838413dc7959d083618522a9daf5"","""",""Mon, 06 Sep 2021 17:32:15 GMT"",""1"",""126"""
"1119943,""0xdf8fc03e54f93e67cfec067889a01fb4af6baf8b"","""",""Mon, 06 Sep 2021 17:32:20 GMT"",""1"",""106"""
"1119944,""0x38bfc9f91dfd513e075f181003443cedf5f4e49b"","""",""Mon, 06 Sep 2021 17:32:35 GMT"",""1"",""39"""
"1119948,""0xfb469965ec425d5b83da58dd75a3a77ac06eafa1"","""",""Mon, 06 Sep 2021 17:33:40 GMT"",""1"",""253"""
"1119951,""0x3457d9bdfb7e1bfefe392cf0c7106e72ea23d09f"","""",""Mon, 06 Sep 2021 17:33:45 GMT"",""1"",""101"""
"1119954,""0x9fddba1c51fa79c6cdaeaa8cf6f236a084674b8b"","""",""Mon, 06 Sep 2021 17:34:15 GMT"",""1"",""131"""
"1119956,""0xf2c86508ed9d7f74207ee39979ddf8b9692ef7d3"","""",""Mon, 06 Sep 2021 17:34:20 GMT"",""1"",""438"""
"1119972,""0x86f6e643f741f9592bed647a5cfd493c64602bc1"","""",""Mon, 06 Sep 2021 17:37:05 GMT"",""1"",""205"""
"1119975,""0x4fc98e5828ec2e701f9babca47a38a45ae02fb98"","""",""Mon, 06 Sep 2021 17:38:05 GMT"",""1"",""53"""
"1119977,""0xbad8c838691dc15ce968c513cfeb39df4c88bcb6"","""",""Mon, 06 Sep 2021 17:38:10 GMT"",""1"",""106"""
"1119978,""0x6f11e78b1871bdc5c6724134cba9a952b822a7e5"","""",""Mon, 06 Sep 2021 17:38:20 GMT"",""1"",""471"""
"1119979,""0x5e382071464a6f9ea29708a045983dc265b0d86d"","""",""Mon, 06 Sep 2021 17:38:30 GMT"",""1"",""101"""
"1119981,""0x1e536b1de80a45d01de69a3287f23bf5d44bf45b"","""",""Mon, 06 Sep 2021 17:38:50 GMT"",""1"",""272"""
"1119991,""0xc1d36050f909fad617c4d47cb1119a6428ea0cc0"","""",""Mon, 06 Sep 2021 17:39:50 GMT"",""1"",""393"""
"1119994,""0x02fb763a0454a54b3ffd02427f54340b42fe8e7c"","""",""Mon, 06 Sep 2021 17:40:10 GMT"",""1"",""1766"""
"1119997,""0xaa458b0795f6268b5963106892e9d0977d70cf37"","""",""Mon, 06 Sep 2021 17:40:25 GMT"",""1"",""97"""
"1120004,""0xaf770b349815c6d6aa3a6dd23ba602d4113a0b6b"","""",""Mon, 06 Sep 2021 17:41:35 GMT"",""1"",""578"""
"1120006,""0x80a8329b2609300d2244e71b905f2d12fe28a9b2"","""",""Mon, 06 Sep 2021 17:41:50 GMT"",""1"",""115"""
"1120010,""0x8b104344f397afc33ee55c743a0fbd7d956201cd"",""tweetious.eth"",""Mon, 06 Sep 2021 17:42:00 GMT"",""1"",""983"""
"1120023,""0x6ee1665c36eae8dc8a381be7f9d2dd8075957929"","""",""Mon, 06 Sep 2021 17:44:10 GMT"",""1"",""408"""
"1120024,""0x0cefa446e876a8d83bfccfec366b316ef2cf63e6"","""",""Mon, 06 Sep 2021 17:44:15 GMT"",""1"",""381"""
"1120032,""0x3c7d5bb537abae440e0abe552342f422a4b1e6c1"",""layer2finance.eth"",""Mon, 06 Sep 2021 17:45:20 GMT"",""1"",""1731"""
"1120038,""0xd2ea42a69287a0a1bacd9259fbbd61a5db977248"",""720yun.eth"",""Mon, 06 Sep 2021 17:45:55 GMT"",""1"",""206"""
"1120042,""0x7db4df0e27595d0b2d02068a652f414eb6697de5"","""",""Mon, 06 Sep 2021 17:46:45 GMT"",""1"",""510"""
"1120043,""0x3fb38cee8d0ba7dcf59403a8c397626dc9c7a13b"",""morrismustang.eth"",""Mon, 06 Sep 2021 17:46:50 GMT"",""1"",""138"""
"1120046,""0x3290603e448a2ce1831a4c4e68385d5e1531aced"",""xinan888.eth"",""Mon, 06 Sep 2021 17:47:35 GMT"",""1"",""2067"""
"1120047,""0x986a1de622305f441a3c763036ca06da417ffff4"",""lly1993.eth"",""Mon, 06 Sep 2021 17:47:40 GMT"",""1"",""1772"""
"1120050,""0x329a8ddfed3de5172b984053d4d7f64f2e2189dc"",""poapnft.eth"",""Mon, 06 Sep 2021 17:48:30 GMT"",""1"",""1585"""
"1120051,""0xd81d2ddcb8c609438cc3dee056f283b0ac03cf1c"",""kellyna.eth"",""Mon, 06 Sep 2021 17:48:35 GMT"",""1"",""1229"""
"1120053,""0xb55e232826428847e61cd750e5bf5993573ef74a"","""",""Mon, 06 Sep 2021 17:48:55 GMT"",""1"",""81"""
"1120055,""0x4bcfb57149dd1e8ec510bc2cc490bc4c43c7af8f"","""",""Mon, 06 Sep 2021 17:49:00 GMT"",""1"",""380"""
"1120060,""0x186ed723cf010d7de9a4a2489197dfb7ee00f4de"","""",""Mon, 06 Sep 2021 17:50:00 GMT"",""1"",""777"""
"1120063,""0xf85ca9c52ed6f75ea58f82d3ea5633dfc063f930"",""kirzoz.eth"",""Mon, 06 Sep 2021 17:50:10 GMT"",""1"",""399"""
"1120066,""0x6da15dbdd8cc2c396629d0f732c06975f3244010"","""",""Mon, 06 Sep 2021 17:50:20 GMT"",""1"",""1459"""
"1120075,""0x93cc449c9b45c1a82d1e65b8b0b629dd4ea88248"",""alternity.eth"",""Mon, 06 Sep 2021 17:51:15 GMT"",""1"",""726"""
"1120080,""0xa411398b05c2d0df6ad5b524c2fe1d7fa9ce6cf1"","""",""Mon, 06 Sep 2021 17:52:10 GMT"",""1"",""1050"""
"1120082,""0xedacb733f39f5b5743ea22f57cce8966ffd1df06"",""minagi.eth"",""Mon, 06 Sep 2021 17:52:20 GMT"",""1"",""407"""
"1120083,""0x54d759cf295a08c10d63758e9f4758db691b3dfd"",""ethprize.eth"",""Mon, 06 Sep 2021 17:52:20 GMT"",""1"",""565"""
"1120088,""0x17dfd18987b6b131686fea478600b75d11193335"",""kingway.eth"",""Mon, 06 Sep 2021 17:53:15 GMT"",""1"",""2070"""
"1120092,""0x0d4f29edacf51e79790456ee9699cc307b05d368"","""",""Mon, 06 Sep 2021 17:53:35 GMT"",""1"",""692"""
"1120100,""0xdbd8527028475b3cb8e7a9139a5117aea5e4ca01"",""chich.eth"",""Mon, 06 Sep 2021 17:55:05 GMT"",""1"",""8"""
"1120102,""0x183bdb344a07ee3d27f07ac4799a56e4a2fe5439"","""",""Mon, 06 Sep 2021 17:55:10 GMT"",""1"",""738"""
"1120103,""0x27ffcc3e8967f7c51dc3ebc7c0d242ea863deb57"","""",""Mon, 06 Sep 2021 17:55:15 GMT"",""1"",""181"""
"1120104,""0xbab71b94eeae1b53eec82ab3a01c8c453bd3f131"","""",""Mon, 06 Sep 2021 17:55:15 GMT"",""1"",""481"""
"1120107,""0x51b3dd026e3837352d7a0efb431c62c1862d0d4d"",""snt2020.stateofus.eth"",""Mon, 06 Sep 2021 17:55:50 GMT"",""1"",""1289"""
"1120111,""0x01c6229ba441b5928e69165b28ed9d086f9fd6d1"","""",""Mon, 06 Sep 2021 17:56:10 GMT"",""1"",""103"""
"1120113,""0x9d6acf2a7c8bee9bf9431af202c56a07134f347b"","""",""Mon, 06 Sep 2021 17:56:15 GMT"",""1"",""70"""
"1120115,""0x2911c43622e9939b6d1f0f677d92b4bd95acb90f"",""axcoin.eth"",""Mon, 06 Sep 2021 17:56:50 GMT"",""1"",""625"""
"1120116,""0x0cad7af8b05d0438ffa1a1b73d05676154ae1dca"","""",""Mon, 06 Sep 2021 17:56:55 GMT"",""1"",""560"""
"1120117,""0x49087eb6f9529eb02a508fb820d7b4d0b52e4881"",""metamess.eth"",""Mon, 06 Sep 2021 17:57:00 GMT"",""1"",""2694"""
"1120118,""0xa2277f4ae7e6380de426fa334b05d4ceb39f1d47"",""luxetveritas.eth"",""Mon, 06 Sep 2021 17:57:10 GMT"",""1"",""1337"""
"1120121,""0x84e3e0f568ed68b4f6827fe797444b3d5b1fd8b5"",""l2nft.eth"",""Mon, 06 Sep 2021 17:57:30 GMT"",""1"",""1996"""
"1120126,""0x95080da6fec96385449a38f1d1f6295f2a2129dd"",""x00x.eth"",""Mon, 06 Sep 2021 17:58:15 GMT"",""1"",""44"""
"1120135,""0x39501a8d70bea6cd9527b9f38e3d5e9079dd8645"",""bigant.eth"",""Mon, 06 Sep 2021 17:59:10 GMT"",""1"",""661"""
"1120139,""0x5d46ed7405a8a87492cd139fcd38bce60cb5030e"",""b-wallet.eth"",""Mon, 06 Sep 2021 17:59:50 GMT"",""1"",""1706"""
"1120142,""0xa37bcecacad9816a0b834fedb0449b660e37bac0"","""",""Mon, 06 Sep 2021 17:59:50 GMT"",""1"",""355"""
"1120148,""0x6eafd23ed2fb7ac6107b07e4fb5e63862f5e77f3"",""mintfund.eth"",""Mon, 06 Sep 2021 18:00:35 GMT"",""1"",""895"""
"1120150,""0x84403430c0b8455f0c40853b686cf089915c4c52"",""sketchup.eth"",""Mon, 06 Sep 2021 18:00:50 GMT"",""1"",""1352"""
"1120151,""0x37824c71c04aa537e8ffe68f8c8d767228608ee5"","""",""Mon, 06 Sep 2021 18:00:55 GMT"",""1"",""20"""
"1120157,""0xb97b8c6238068e83daef8d651eb13635e0d45c85"","""",""Mon, 06 Sep 2021 18:01:40 GMT"",""1"",""865"""
"1120161,""0xd39ea633eadf1da46faecfd8189b569d04074931"","""",""Mon, 06 Sep 2021 18:02:05 GMT"",""1"",""316"""
"1120167,""0xf05abab203216009f6e41920845ed940c947acc1"","""",""Mon, 06 Sep 2021 18:03:10 GMT"",""1"",""717"""
"1120169,""0x721d6decba0fa5fbb9830704fb4d7ed1fba6e29e"",""shib.stateofus.eth"",""Mon, 06 Sep 2021 18:03:20 GMT"",""1"",""1072"""
"1120171,""0x31636c87d1844bef0597a0c6de9ad84b0b065815"","""",""Mon, 06 Sep 2021 18:03:55 GMT"",""1"",""169"""
"1120173,""0x6194a166ba7560fa0bde0a07c93e714574a1df3f"","""",""Mon, 06 Sep 2021 18:04:10 GMT"",""1"",""367"""
"1120174,""0x0bce3238fb72ece1e0ec7cac2cf4ee6c5ba2ff48"","""",""Mon, 06 Sep 2021 18:04:10 GMT"",""1"",""807"""
"1120175,""0x7005c3f79dc4ffcb50bbc5a9ec5fa599f795b527"","""",""Mon, 06 Sep 2021 18:04:10 GMT"",""1"",""600"""
"1120176,""0x567fdfa5c177987b9bab22e9eae42ce7ac788816"",""timlong.eth"",""Mon, 06 Sep 2021 18:04:10 GMT"",""1"",""280"""
"1120177,""0x652bcc6552b7faca387c674f0cbbf2f9ee61bdf3"","""",""Mon, 06 Sep 2021 18:04:10 GMT"",""1"",""258"""
"1120179,""0x3ecfba75d5a113241ec899888319a9e1e456ee9a"","""",""Mon, 06 Sep 2021 18:04:25 GMT"",""1"",""77"""
"1120180,""0x208be48b21338a25c0a7b10088637f4faf27b54c"","""",""Mon, 06 Sep 2021 18:04:55 GMT"",""1"",""293"""
"1120181,""0x69b0b6fb940e7a46a9a09440fd70e229d63ad2e2"","""",""Mon, 06 Sep 2021 18:05:10 GMT"",""1"",""1547"""
"1120182,""0x80a8426c97b5f408e986a69a8abe90ae2546657a"","""",""Mon, 06 Sep 2021 18:05:25 GMT"",""1"",""306"""
"1120184,""0xf58eac5c074bded0f10e7f58eb36da072b4111c3"",""vipnode.eth"",""Mon, 06 Sep 2021 18:05:45 GMT"",""1"",""919"""
"1120185,""0x177821cbe97b3eb0a20de1fd534bc7160cbcd76e"",""yanxi.eth"",""Mon, 06 Sep 2021 18:05:45 GMT"",""1"",""1784"""
"1120186,""0x4cb780fd3286f2d10199b61423d1c804bd2a5d2b"",""terransforce.eth"",""Mon, 06 Sep 2021 18:05:50 GMT"",""1"",""1151"""
"1120189,""0x91b8283a554e54df5b2a0ce9a786cd92171cca8d"","""",""Mon, 06 Sep 2021 18:06:10 GMT"",""1"",""300"""
"1120190,""0x5d2534f02c5ffd255ec9987909521700765807dd"","""",""Mon, 06 Sep 2021 18:06:20 GMT"",""1"",""381"""
"1120193,""0x767d2943b1f6d8fecc1817649511b7ed7de6a63e"","""",""Mon, 06 Sep 2021 18:06:45 GMT"",""1"",""57"""
"1120194,""0xfd80f98be68103000214b0e8dad46c3e0d71a2ba"","""",""Mon, 06 Sep 2021 18:06:50 GMT"",""1"",""262"""
"1120195,""0x005c977d732ed2fdf10b773a1489f5aade805bf2"","""",""Mon, 06 Sep 2021 18:06:50 GMT"",""1"",""1401"""
"1120196,""0x0634ce9ff02206eb7dde79991caecb7affb5ba5f"","""",""Mon, 06 Sep 2021 18:06:50 GMT"",""1"",""380"""
"1120197,""0x7371c7d15ccba70719fd01d62956805870e25354"",""wenyuxin.eth"",""Mon, 06 Sep 2021 18:07:20 GMT"",""1"",""72"""
"1120198,""0x39134c4e7a15619477351e1eec6b3563a3fbec45"","""",""Mon, 06 Sep 2021 18:07:30 GMT"",""1"",""411"""
"1120200,""0x210520182b397f79d6b3c50ad91a1215d809061b"","""",""Mon, 06 Sep 2021 18:07:55 GMT"",""1"",""263"""
"1120202,""0x9dafacc0e91d2091711f53c26611a0ce5acb9a4a"","""",""Mon, 06 Sep 2021 18:08:10 GMT"",""1"",""162"""
"1120203,""0x7d51352086b80587bc4bbc6a2ee0f0a58e0cab9f"","""",""Mon, 06 Sep 2021 18:08:10 GMT"",""1"",""345"""
"1120204,""0x80a653bb0d51f66ee2933bf06098103f6eb4ea13"","""",""Mon, 06 Sep 2021 18:08:15 GMT"",""1"",""257"""
"1120206,""0xbeee816c3ab89976b22faba9a17e12488e30bcaa"","""",""Mon, 06 Sep 2021 18:08:45 GMT"",""1"",""644"""
"1120207,""0xb59da3a5fa2fab1e8aae5cb352146b3b02f53578"",""cosy.eth"",""Mon, 06 Sep 2021 18:08:55 GMT"",""1"",""107"""
"1120209,""0xbc4bede6fae83d2ad830d7ad5ab86a6c78466cf4"",""apexit.eth"",""Mon, 06 Sep 2021 18:08:55 GMT"",""1"",""972"""
"1120210,""0xaefaaea73398777a7ccfbad02aec404c0920ac91"","""",""Mon, 06 Sep 2021 18:08:55 GMT"",""1"",""284"""
"1120211,""0x574c0fabdff9edad20915ec69c0bb9fbe6f2d086"","""",""Mon, 06 Sep 2021 18:08:55 GMT"",""1"",""1338"""
"1120212,""0xc93ffb6ccfa0fbe215de35afb3c7020a76accb4b"",""yxy001.eth"",""Mon, 06 Sep 2021 18:09:05 GMT"",""1"",""66"""
"1120213,""0x09dce0f0960c35ee0307d602f22eaeafccff209d"",""capitalg.eth"",""Mon, 06 Sep 2021 18:09:10 GMT"",""1"",""896"""
"1120214,""0xdf779e379f3e445a0e9e6bbe1eb905007deb0c37"","""",""Mon, 06 Sep 2021 18:09:20 GMT"",""1"",""203"""
"1120215,""0x4f6f1fe277467bd6ca0981cc22bcd4a1cb142308"","""",""Mon, 06 Sep 2021 18:09:35 GMT"",""1"",""248"""
"1120216,""0xeb449ec00f73860fdfa659feb79005065351119f"",""mitoken.eth"",""Mon, 06 Sep 2021 18:09:40 GMT"",""1"",""824"""
"1120217,""0xea1369356677096923b8e7cdc9cf127539d284bd"",""bitpark.eth"",""Mon, 06 Sep 2021 18:09:45 GMT"",""1"",""199"""
"1120220,""0xec66352d727ed6dc705f949f9641603617caae81"","""",""Mon, 06 Sep 2021 18:09:55 GMT"",""1"",""198"""
"1120224,""0xfb69adabf5e0e50048952f8d73dc05586abb6689"","""",""Mon, 06 Sep 2021 18:10:15 GMT"",""1"",""273"""
"1120225,""0xc15316bde4fa13dd8f3f3348dccb878e8c033518"","""",""Mon, 06 Sep 2021 18:10:30 GMT"",""1"",""330"""
"1120227,""0xa38f82506c3ab79816d625ad286574133fc6f4e9"",""kb824.eth"",""Mon, 06 Sep 2021 18:10:35 GMT"",""1"",""1586"""
"1120228,""0xf7a91d78d4d3f1779cdab33e56b5942b27331fe1"",""mibtc.eth"",""Mon, 06 Sep 2021 18:10:35 GMT"",""1"",""803"""
"1120229,""0x834657f945e839837aa6387fcbffebb104aaf2d4"","""",""Mon, 06 Sep 2021 18:10:35 GMT"",""1"",""123"""
"1120230,""0x0a12100fea75c49d33df61de364a354db5e4bdbc"","""",""Mon, 06 Sep 2021 18:10:40 GMT"",""1"",""466"""
"1120231,""0x49fed073f77defdee3c3305689955631ead71187"","""",""Mon, 06 Sep 2021 18:10:45 GMT"",""1"",""429"""
"1120232,""0x53aa7ec5ec6cc150fe6cdcf0fddec50e1f4873c6"",""yipit.eth"",""Mon, 06 Sep 2021 18:10:45 GMT"",""1"",""980"""
"1120233,""0xb52920e86db1e558d126e2d41ddac731357c8458"","""",""Mon, 06 Sep 2021 18:10:50 GMT"",""1"",""1018"""
"1120234,""0xaf9fb78e8e2a55fbf713833c1d541593a0e07f8a"","""",""Mon, 06 Sep 2021 18:10:55 GMT"",""1"",""246"""
"1120237,""0x7bb9dccc97052ddef05141897fe8313fd4ad0418"","""",""Mon, 06 Sep 2021 18:11:25 GMT"",""1"",""217"""
"1120238,""0xdd47d3db30809a107c1dd59417a61230458d278e"","""",""Mon, 06 Sep 2021 18:11:30 GMT"",""1"",""30"""
"1120239,""0xce7cdcca6e7557e05de4f5d7355f89ec76480f50"","""",""Mon, 06 Sep 2021 18:11:35 GMT"",""1"",""11"""
"1120240,""0x9d75b8717aa34258dea1afd74306cb41e30f7b3f"","""",""Mon, 06 Sep 2021 18:11:40 GMT"",""1"",""535"""
"1120243,""0xf88a14bde7b3e7ac21705e4e719f178a80461962"","""",""Mon, 06 Sep 2021 18:12:00 GMT"",""1"",""331"""
"1120244,""0xdb9d0832063a131a83e7e3453ebf440206c814bf"","""",""Mon, 06 Sep 2021 18:12:25 GMT"",""1"",""34"""
"1120245,""0x41af6c1a8175dee93e3ee7f2ed5484a8f3cceb5e"","""",""Mon, 06 Sep 2021 18:12:25 GMT"",""1"",""4"""
"1120246,""0x28c45e9a0bce210a05f304949f87d5268ac279d5"",""esth3r.eth"",""Mon, 06 Sep 2021 18:12:35 GMT"",""1"",""1859"""
"1120247,""0xac395a12cd0b1bf56e4c832bffb60e723953cd5b"","""",""Mon, 06 Sep 2021 18:12:40 GMT"",""1"",""417"""
"1120248,""0x26947df14ade0f2ad0e18f40a350350015c10fbc"","""",""Mon, 06 Sep 2021 18:12:45 GMT"",""1"",""351"""
"1120249,""0xe252b9b9cc16d46560e96d5474cf84aaa73f5f23"","""",""Mon, 06 Sep 2021 18:12:45 GMT"",""1"",""1322"""
"1120250,""0x3ae21f15c5239ba7968ccd42e4377e1c0a8671d3"","""",""Mon, 06 Sep 2021 18:12:55 GMT"",""1"",""372"""
"1120251,""0x1be7986e2703fb1c3ec7ba26d65d36ad218dd733"","""",""Mon, 06 Sep 2021 18:13:25 GMT"",""1"",""130"""
"1120254,""0xa8293dd8eb52564a35b8357a539146321b934153"",""lbjames.eth"",""Mon, 06 Sep 2021 18:13:30 GMT"",""1"",""469"""
"1120256,""0x987339c64a70f6f32456cb38cd326f5bcbbf9d0b"","""",""Mon, 06 Sep 2021 18:13:45 GMT"",""1"",""563"""
"1120257,""0x930c981d82ae19c9e84f4f4f7e8de465417e0392"","""",""Mon, 06 Sep 2021 18:13:45 GMT"",""1"",""197"""
"1120258,""0x734a9f30856ceab197a208dd86e028256acd50b6"","""",""Mon, 06 Sep 2021 18:13:50 GMT"",""1"",""23"""
"1120259,""0x6a0fda44c8b72a099b6a6ca317387dfb4c3ca3e0"",""bee123.eth"",""Mon, 06 Sep 2021 18:13:55 GMT"",""1"",""91"""
"1120262,""0x1b1d023696015e40be026e1fab12a9d64f4bc1b3"","""",""Mon, 06 Sep 2021 18:14:10 GMT"",""1"",""719"""
"1120263,""0xfdaae168c3d835da1f974447cdccf8c7476d0792"","""",""Mon, 06 Sep 2021 18:14:30 GMT"",""1"",""716"""
"1120264,""0x611a6ed28cb59dee17df7b579bf3796b10e326a6"","""",""Mon, 06 Sep 2021 18:14:35 GMT"",""1"",""381"""
"1120265,""0x795d43ea89360ea196de46bc6b6da8bb027f8dfa"","""",""Mon, 06 Sep 2021 18:14:35 GMT"",""1"",""115"""
"1120266,""0x31ffc3000d0cc1f335c4bfbb767a7c4bc818fa6d"","""",""Mon, 06 Sep 2021 18:14:35 GMT"",""1"",""1188"""
"1120267,""0xe8d9dc041b78451ebcc0ae6c60f567c59a577806"","""",""Mon, 06 Sep 2021 18:14:35 GMT"",""1"",""337"""
"1120269,""0x3f84020f8d26f80075d5ec97b434a70124164ae7"","""",""Mon, 06 Sep 2021 18:14:55 GMT"",""1"",""98"""
"1120271,""0xf22d70e62aef30b4ce59d4fc470a16b04d37d3c1"","""",""Mon, 06 Sep 2021 18:15:15 GMT"",""1"",""7"""
"1120273,""0x20106406f9077eb5ae83e778143080e3209671bd"","""",""Mon, 06 Sep 2021 18:15:25 GMT"",""1"",""99"""
"1120274,""0x9180978e433d71c5bae36163cd1559695810d950"","""",""Mon, 06 Sep 2021 18:15:30 GMT"",""1"",""210"""
"1120275,""0x8185763ddc8ee4ce5533dad369e6ff84a965546d"",""calf.eth"",""Mon, 06 Sep 2021 18:15:50 GMT"",""1"",""84"""
"1120276,""0x402b483092fe8b5f1b98a6e9bbbaa16217463de5"",""mypoap.eth"",""Mon, 06 Sep 2021 18:15:50 GMT"",""1"",""699"""
"1120277,""0x2523a6b01d0b8dda7a4d6415f259ba1194c9a962"","""",""Mon, 06 Sep 2021 18:16:00 GMT"",""1"",""1"""
"1120278,""0x57e02d0d18209baa7efece967137a1abc67d0773"","""",""Mon, 06 Sep 2021 18:16:05 GMT"",""1"",""1064"""
"1120279,""0x2060a8f156a82873527ad672730a4dd4b1ef163a"","""",""Mon, 06 Sep 2021 18:16:20 GMT"",""1"",""5"""
"1120280,""0xd13ac690c6012dd29f556172d6ef7ce1d6f33428"","""",""Mon, 06 Sep 2021 18:16:25 GMT"",""1"",""21"""
"1120281,""0x96e99a4ce092406b8c54fed16806a7d6e4c028e6"",""pinode.eth"",""Mon, 06 Sep 2021 18:16:35 GMT"",""2"",""1957"""
"1120282,""0x157b0f920a7d09aa28302d843919d9230bf95c20"","""",""Mon, 06 Sep 2021 18:16:35 GMT"",""1"",""504"""
"1120285,""0x77e9222f4f8e575e80b4c2ddcdae9c5d8c29edee"","""",""Mon, 06 Sep 2021 18:17:05 GMT"",""1"",""329"""
"1120287,""0xc2691aeffc7c38fd06908bbcfb76e6055e067817"","""",""Mon, 06 Sep 2021 18:17:10 GMT"",""1"",""227"""
"1120288,""0x175631f8948f909bf82cda52e731f522157c4f28"",""opyn2.eth"",""Mon, 06 Sep 2021 18:17:20 GMT"",""1"",""689"""
"1120293,""0xe2112f7ef1f8f2d1b7b243c7043c9b6867a80d53"","""",""Mon, 06 Sep 2021 18:17:50 GMT"",""1"",""548"""
"1120296,""0xdf281f84325062cb2705cb12ab12129ac52c93ae"","""",""Mon, 06 Sep 2021 18:18:05 GMT"",""1"",""51"""
"1120298,""0xd64e959840ac4baa22242ef86ff3dec548f61e1f"","""",""Mon, 06 Sep 2021 18:18:10 GMT"",""1"",""1000"""
"1120299,""0x9bb07527e475bffb5fb40d1ecb716297fe1a8e27"","""",""Mon, 06 Sep 2021 18:18:20 GMT"",""1"",""665"""
"1120303,""0xceebc6d157f0281757d0c97f8978cdf60b86dfb7"","""",""Mon, 06 Sep 2021 18:18:20 GMT"",""1"",""4"""
"1120304,""0x1962698253fc939d73125d59603849b284ce9811"","""",""Mon, 06 Sep 2021 18:18:25 GMT"",""1"",""122"""
"1120307,""0x53606c7493af1e75b0b7319d451083da68e42f1a"","""",""Mon, 06 Sep 2021 18:18:45 GMT"",""1"",""20"""
"1120315,""0x015fc0f9a30b6353b6ea191d7c4ba6c8aade92d7"",""poswap.eth"",""Mon, 06 Sep 2021 18:19:15 GMT"",""1"",""612"""
"1120316,""0xa05bca6f6d9c0bc2c3a597ac3f800eaf502aca66"",""caseyjones.eth"",""Mon, 06 Sep 2021 18:19:40 GMT"",""1"",""137"""
"1120317,""0x2439f992fcd067361c5e2d9277dac974b9d5162a"",""saberlu.eth"",""Mon, 06 Sep 2021 18:19:45 GMT"",""1"",""652"""
"1120318,""0xaf154e579cf7780b561b987219da7c23523f3b46"","""",""Mon, 06 Sep 2021 18:19:50 GMT"",""1"",""302"""
"1120319,""0x66ae4680fccf23f58205a237975db8e74adbca5f"","""",""Mon, 06 Sep 2021 18:20:05 GMT"",""1"",""619"""
"1120320,""0x4c50331cf8f6383df2962ae4eabb25200a7dddc5"","""",""Mon, 06 Sep 2021 18:20:25 GMT"",""1"",""309"""
"1120321,""0xe92c558ff019cc87c7bf3aa5ee9854708d0d6739"","""",""Mon, 06 Sep 2021 18:20:40 GMT"",""1"",""644"""
"1120322,""0xc4e5894df60a4e0a14fd60099ce215fcd3bc936e"","""",""Mon, 06 Sep 2021 18:20:55 GMT"",""1"",""1"""
"1120323,""0x2038d54eac543950886e51583855196891e6d630"","""",""Mon, 06 Sep 2021 18:21:00 GMT"",""1"",""18"""
"1120324,""0x3cbf036d6c709fd723d3bcc0b4123c603260fdde"","""",""Mon, 06 Sep 2021 18:21:15 GMT"",""1"",""9"""
"1120325,""0x5cb82dac01735ffb1c29b19d4be50ef2dac07acd"","""",""Mon, 06 Sep 2021 18:21:15 GMT"",""1"",""1281"""
"1120326,""0x939cbfc1527946618d560e1d72a055feef686970"","""",""Mon, 06 Sep 2021 18:21:25 GMT"",""1"",""56"""
"1120330,""0x9dca01c8efcaab23c7c5a8cca7d79df876ba9732"","""",""Mon, 06 Sep 2021 18:21:50 GMT"",""1"",""273"""
"1120332,""0x6c56d055250945d854be853d14f894ca420671ed"","""",""Mon, 06 Sep 2021 18:22:10 GMT"",""1"",""675"""
"1120335,""0xa97276772e9a8d5408421d60c2749c68c2e2fc3a"",""520521.eth"",""Mon, 06 Sep 2021 18:22:55 GMT"",""1"",""114"""
"1120337,""0x42edee9b4fac544f766f3fbdee813229edfd66bf"","""",""Mon, 06 Sep 2021 18:23:20 GMT"",""1"",""18"""
"1120338,""0xace41d4ee612bdb239d1a8253061f018e8f306e5"","""",""Mon, 06 Sep 2021 18:23:20 GMT"",""1"",""1"""
"1120340,""0x62728c18268d1988e82a922b419525ecf9ff2bd0"","""",""Mon, 06 Sep 2021 18:23:35 GMT"",""1"",""74"""
"1120341,""0xa9cd9407cfa532c270438a66e818b4788af135e8"","""",""Mon, 06 Sep 2021 18:23:50 GMT"",""1"",""17"""
"1120342,""0xf863cbd125936907dbb329f918f100453a4fcff9"","""",""Mon, 06 Sep 2021 18:23:55 GMT"",""1"",""240"""
"1120343,""0x61ef7abe9953bf1ab1ff48b0c552677a402af0fb"","""",""Mon, 06 Sep 2021 18:24:00 GMT"",""1"",""773"""
"1120345,""0xf451a5ff393851753098b62bf8ac6cf33be81f43"","""",""Mon, 06 Sep 2021 18:24:35 GMT"",""1"",""942"""
"1120346,""0x1c620d02286e983bb92262eb23e8cb4ca9e3ab30"","""",""Mon, 06 Sep 2021 18:24:45 GMT"",""1"",""1"""
"1120348,""0xe5f55468585ef91cf1a87aa3af4c830fa7ae78de"",""lian0512.eth"",""Mon, 06 Sep 2021 18:24:45 GMT"",""1"",""806"""
"1120350,""0x08bb4f7224fe047223b782b6aa0382d5df730655"","""",""Mon, 06 Sep 2021 18:25:10 GMT"",""1"",""565"""
"1120351,""0x36666d22ad6bd40461e02b82402e6e3a2d650ac0"","""",""Mon, 06 Sep 2021 18:25:15 GMT"",""1"",""244"""
"1120355,""0xdcb034151e0efe93768f7ea94dafe3c6ef3cca97"","""",""Mon, 06 Sep 2021 18:26:05 GMT"",""1"",""426"""
"1120356,""0x6e06c3fd4fbf0d7e82f8ecc3f99ecd4e2513b3f3"","""",""Mon, 06 Sep 2021 18:26:20 GMT"",""1"",""2"""
"1120357,""0xf913b9a80755a456cfae819304173265a607dc12"","""",""Mon, 06 Sep 2021 18:26:25 GMT"",""1"",""574"""
"1120358,""0x7e8fa19715a1df54c555bb9c2b0b104dbe20bc07"","""",""Mon, 06 Sep 2021 18:26:35 GMT"",""1"",""184"""
"1120360,""0x3ae6c2b466757dcab147e6ad2642918f1013c9c4"","""",""Mon, 06 Sep 2021 18:26:40 GMT"",""1"",""2"""
"1120361,""0x68568f3878f8259a495119353d652d8fe27e3b44"","""",""Mon, 06 Sep 2021 18:26:50 GMT"",""1"",""230"""
"1120364,""0x5b6b87d7ba2024f139becdd3eb99d24e0415fe7e"","""",""Mon, 06 Sep 2021 18:27:55 GMT"",""1"",""1063"""
"1120365,""0xb9501f3bea1fd09a30adf90e0a781a4b8dbe5fe0"","""",""Mon, 06 Sep 2021 18:28:10 GMT"",""1"",""841"""
"1120367,""0x287760cd2e41d74660b7540fc9f3dc9eb31c4d5f"","""",""Mon, 06 Sep 2021 18:28:15 GMT"",""1"",""216"""
"1120369,""0xc9fcb826e14014dde551ea9a4112ca9e15a81f01"",""wolegequ.eth"",""Mon, 06 Sep 2021 18:28:50 GMT"",""1"",""3"""
"1120370,""0x797520f471de8ec7b1e771e014149c4fd408367c"","""",""Mon, 06 Sep 2021 18:29:00 GMT"",""1"",""633"""
"1120373,""0xa0d735ce3e1b4a70d5cfcca1222ff9f1f9d4b15d"","""",""Mon, 06 Sep 2021 18:30:15 GMT"",""1"",""194"""
"1120374,""0x3629a8ae9b934ff256a4d36b2cdb0822d72312fd"","""",""Mon, 06 Sep 2021 18:30:25 GMT"",""1"",""261"""
"1120375,""0xe977fd0a89124d77c745635dd66417c8eddf6bbf"","""",""Mon, 06 Sep 2021 18:30:35 GMT"",""1"",""11"""
"1120376,""0x8757377a72bb7ec4096f0fd996c064eb95678939"",""jasen.eth"",""Mon, 06 Sep 2021 18:30:40 GMT"",""1"",""70"""
"1120379,""0xf3fb14726e1ed625d809280ae8593414dd1a74c7"","""",""Mon, 06 Sep 2021 18:32:55 GMT"",""1"",""2"""
"1120380,""0x3fc44f8f9831a0226761c67ac6dbde608e915a97"","""",""Mon, 06 Sep 2021 18:33:05 GMT"",""1"",""243"""
"1120381,""0x322b03bdb20f43d1dfc26659c90b52fea2763400"","""",""Mon, 06 Sep 2021 18:33:10 GMT"",""1"",""440"""
"1120382,""0xd9a99fa88a70626a304ad9325bddb2d7f31ed17f"","""",""Mon, 06 Sep 2021 18:33:15 GMT"",""1"",""401"""
"1120383,""0xca7a6a53d5576102765a0281c723f863d881dc96"",""filelist.eth"",""Mon, 06 Sep 2021 18:33:55 GMT"",""1"",""382"""
"1120384,""0x8545389514ca167f8e91ce6b30346d548d73eda8"","""",""Mon, 06 Sep 2021 18:34:00 GMT"",""1"",""1088"""
"1120385,""0x2bd3fdfb282881a6d1779afda807bfe26cd0a950"","""",""Mon, 06 Sep 2021 18:34:05 GMT"",""1"",""169"""
"1120386,""0x09e7f84874777ed89d8ce816e7557a034fac1fcf"","""",""Mon, 06 Sep 2021 18:34:15 GMT"",""1"",""115"""
"1120388,""0xde961598581a21e44e0737ce160926bd9b86991c"","""",""Mon, 06 Sep 2021 18:34:40 GMT"",""1"",""1033"""
"1120389,""0x191bed220e2cbf7f42e917e0ed370d9880e640df"",""rokid.eth"",""Mon, 06 Sep 2021 18:34:45 GMT"",""1"",""243"""
"1120391,""0xb4d6df1c1559a943e802cecfc704c4847fd18da1"",""sanghai.eth"",""Mon, 06 Sep 2021 18:35:10 GMT"",""1"",""266"""
"1120392,""0x2b91ca94a1b249425abb621a5d6b7e2ff4c0819f"","""",""Mon, 06 Sep 2021 18:35:30 GMT"",""1"",""178"""
"1120393,""0xb248140d89ee4a1feabdd28f2f3ef23e2bd4b469"","""",""Mon, 06 Sep 2021 18:35:40 GMT"",""1"",""406"""
"1120394,""0x50856959952516c0183c3570fbddcf071a81826a"",""ababab.eth"",""Mon, 06 Sep 2021 18:35:40 GMT"",""1"",""133"""
"1120396,""0x605dc1310d888af6b4c5ddd0c42e63af317966f6"",""metasys.eth"",""Mon, 06 Sep 2021 18:36:15 GMT"",""1"",""293"""
"1120397,""0x322b03bdb20f43d1dfc26659c90b52fea2763400"","""",""Mon, 06 Sep 2021 18:36:40 GMT"",""2"",""440"""
"1120399,""0x0de33d82c8890d07a479761557c977c56c666666"","""",""Mon, 06 Sep 2021 18:36:55 GMT"",""1"",""570"""
"1120400,""0xe531b1a41984b501cb8211d21d74ccddd04214b7"","""",""Mon, 06 Sep 2021 18:37:05 GMT"",""1"",""187"""
"1120404,""0x322b03bdb20f43d1dfc26659c90b52fea2763400"","""",""Mon, 06 Sep 2021 18:38:45 GMT"",""2"",""440"""
"1120405,""0x5ee7e80e0c2ceb690c567aca7761c7118101c8af"",""poapfun.eth"",""Mon, 06 Sep 2021 18:39:00 GMT"",""1"",""631"""
"1120406,""0xbc8ef4760a0e1e3adbbc847092d0d5ce4489f46a"","""",""Mon, 06 Sep 2021 18:39:10 GMT"",""1"",""182"""
"1120409,""0x393b4919fdd1f8740c8708baa411a34299a4cacd"","""",""Mon, 06 Sep 2021 18:40:15 GMT"",""1"",""236"""
"1120410,""0xcdbfe8209cb0afe95aa092def212aa4a434a9120"",""blockdefi.eth"",""Mon, 06 Sep 2021 18:40:35 GMT"",""1"",""362"""
"1120411,""0x6cf9380f5e1a38e3b4c5101c1aa0211603fec13f"","""",""Mon, 06 Sep 2021 18:40:35 GMT"",""1"",""613"""
"1120413,""0x322b03bdb20f43d1dfc26659c90b52fea2763400"","""",""Mon, 06 Sep 2021 18:41:10 GMT"",""2"",""440"""
"1120417,""0x15a772c656e77dc6ebb505d0a64722d2bb02c1fd"","""",""Mon, 06 Sep 2021 18:41:55 GMT"",""1"",""773"""
"1120418,""0xfe7cc15dfe49bcc318c45890a42a85e71dd8f2cd"","""",""Mon, 06 Sep 2021 18:42:35 GMT"",""1"",""168"""
"1120421,""0x322b03bdb20f43d1dfc26659c90b52fea2763400"","""",""Mon, 06 Sep 2021 18:43:35 GMT"",""2"",""440"""
"1120422,""0x70c65c16b1b03ed4c6e1b2bad1583abfcf91eef4"","""",""Mon, 06 Sep 2021 18:43:45 GMT"",""1"",""119"""
"1120425,""0x770752b48839c4d35b5157dafc128b2662e6c0b4"",""bkswap.eth"",""Mon, 06 Sep 2021 18:44:40 GMT"",""1"",""492"""
"1120426,""0x322b03bdb20f43d1dfc26659c90b52fea2763400"","""",""Mon, 06 Sep 2021 18:44:50 GMT"",""2"",""440"""
"1120429,""0x5acccf132e9865ab9a204b0141ce1358d860c2e5"","""",""Mon, 06 Sep 2021 18:45:20 GMT"",""1"",""90"""
"1120432,""0x5d995f4f7a23eac9f318d1e0d3a00364baa38b2f"","""",""Mon, 06 Sep 2021 18:47:55 GMT"",""1"",""998"""
"1120436,""0x6dc420bfa0beb345dd78bd9f45881ec9ff7a9580"","""",""Mon, 06 Sep 2021 18:50:55 GMT"",""1"",""310"""
"1120439,""0x64fae0196cd4753346ec02e8576978b158cd5ecd"","""",""Mon, 06 Sep 2021 18:52:05 GMT"",""1"",""1038"""
"1120440,""0xb10be5cbbf9655ed3648184ade56d3b4d6cedd4f"",""mayarons.eth"",""Mon, 06 Sep 2021 18:52:40 GMT"",""1"",""321"""
"1120441,""0xdf881f48e30f78fef0ef5fd08afb026c994e38f6"","""",""Mon, 06 Sep 2021 18:54:35 GMT"",""1"",""879"""
"1120443,""0x28b4a742830ae3d4b147f429ec7966f4e450d3f3"","""",""Mon, 06 Sep 2021 18:55:50 GMT"",""1"",""346"""
"1120445,""0xe6422e49894a857d3f0e1a3f4d892780fb8a24d8"","""",""Mon, 06 Sep 2021 18:57:00 GMT"",""1"",""374"""
"1120447,""0x933f2e8119cb87da86184c57ae5ccbe1f54f2dec"","""",""Mon, 06 Sep 2021 18:57:40 GMT"",""1"",""4"""
"1120448,""0x2c39ba5ae59ac2472d8986ead566a05e4bf70ce8"","""",""Mon, 06 Sep 2021 18:57:45 GMT"",""1"",""52"""
"1120455,""0x019ed608dd806b80193942f2a960e7ac8abb2ee3"",""webvr.eth"",""Mon, 06 Sep 2021 19:00:20 GMT"",""1"",""303"""
"1120456,""0x879b1ecb70639ff3ad6f219a9382d27c4023f483"",""viorvis.eth"",""Mon, 06 Sep 2021 19:00:20 GMT"",""1"",""70"""
"1120457,""0x9553876cdb8e46040d610faabfb67771db58c8b6"","""",""Mon, 06 Sep 2021 19:00:40 GMT"",""1"",""239"""
"1120461,""0x71fd9ffbe09b410abbebd3a3852ce01452d0bd75"","""",""Mon, 06 Sep 2021 19:01:45 GMT"",""1"",""428"""
"1120464,""0x21875706c91b49dd2ef5f3e8e683ac720e27c204"","""",""Mon, 06 Sep 2021 19:02:30 GMT"",""1"",""148"""
"1120465,""0xb7f8984a21aec3dd21441f1558249987397e7f5b"","""",""Mon, 06 Sep 2021 19:03:05 GMT"",""1"",""856"""
"1120466,""0xe5827d439c94b5642d4f8c9be78b0ae8ee2e6a6a"","""",""Mon, 06 Sep 2021 19:03:45 GMT"",""1"",""115"""
"1120467,""0x242e99540f08558808015b9ecbd442c1bd4be7df"","""",""Mon, 06 Sep 2021 19:04:40 GMT"",""1"",""9"""
"1120471,""0x231156146dc4a455c3ccef033c91613c2137d5be"","""",""Mon, 06 Sep 2021 19:06:10 GMT"",""1"",""804"""
"1120473,""0x5df25e9a5f946a105f11477c170c530a43bb3ce0"","""",""Mon, 06 Sep 2021 19:06:25 GMT"",""1"",""99"""
"1120475,""0xf9c17da7c56d285932da8b273370d76b514db8f3"","""",""Mon, 06 Sep 2021 19:07:10 GMT"",""1"",""747"""
"1120476,""0xb74a0c3ae362163ee7e16b51d4ace67e5aa6a518"","""",""Mon, 06 Sep 2021 19:07:35 GMT"",""1"",""104"""
"1120482,""0xeeb74b6dfc13bdb8fad09af3225433ad60e06d41"","""",""Mon, 06 Sep 2021 19:08:55 GMT"",""1"",""434"""
"1120483,""0xa38bef7bf987ebb22d0d4ecae61034ddc34da283"",""keybeats.eth"",""Mon, 06 Sep 2021 19:08:55 GMT"",""1"",""132"""
"1120484,""0x1a73a186c7f723f121958d1aa04d9759d79357b4"","""",""Mon, 06 Sep 2021 19:09:15 GMT"",""1"",""3"""
"1120491,""0xe84a2a488658907ef8253c07f80fe724c9ae34f5"",""zhangjiakou1.eth"",""Mon, 06 Sep 2021 19:12:25 GMT"",""1"",""337"""
"1120494,""0x02ffdf11d001561b83b0be82bb6c6e3fd07fc650"","""",""Mon, 06 Sep 2021 19:14:05 GMT"",""1"",""219"""
"1120497,""0x513afac2cd6133c8bc3b49552ceb15d586d146f5"",""bxswssmbdx.eth"",""Mon, 06 Sep 2021 19:15:25 GMT"",""1"",""20"""
"1120500,""0x7de8bc670eaf49c551dfe5009877f1eba2a5b345"",""technica.eth"",""Mon, 06 Sep 2021 19:16:25 GMT"",""1"",""105"""
"1120502,""0x3586bdcd852c061f472bb8a2915e75ae215121cd"",""syyhsyal.eth"",""Mon, 06 Sep 2021 19:17:15 GMT"",""1"",""5"""
"1120503,""0x10afa2b2b6c2baf8efde02a6822d374b2ebfe1a6"","""",""Mon, 06 Sep 2021 19:17:20 GMT"",""1"",""1"""
"1120505,""0x1d8775623df5469116ece78b55a97bce8424b899"",""cwehine.eth"",""Mon, 06 Sep 2021 19:18:30 GMT"",""1"",""160"""
"1120506,""0x54922ccfe5b1e5f66f670fedd51d43cc843d569b"",""cweenhi.eth"",""Mon, 06 Sep 2021 19:18:45 GMT"",""1"",""155"""
"1120507,""0x75cf55a1a228e691342521b01a7de4e113fac30d"","""",""Mon, 06 Sep 2021 19:18:50 GMT"",""1"",""145"""
"1120509,""0x03b7c9667f51683a153a819dea4a51c9d6765af5"","""",""Mon, 06 Sep 2021 19:19:25 GMT"",""1"",""3"""
"1120514,""0x4c00d380942581b8e95a7e7a1dcb2795cb134d84"","""",""Mon, 06 Sep 2021 19:21:05 GMT"",""1"",""1019"""
"1120516,""0xb5e24ba2927b55416b0f7f560f7cb196fea1a193"","""",""Mon, 06 Sep 2021 19:21:20 GMT"",""1"",""3"""
"1120522,""0x4b4a283a1b8f83932fad999070c913e30d94e351"","""",""Mon, 06 Sep 2021 19:23:10 GMT"",""1"",""2"""
"1120528,""0x74ddefe1cd151913b3d2ed01eaad3c185e575bf2"","""",""Mon, 06 Sep 2021 19:26:05 GMT"",""1"",""2"""
"1120529,""0x297554a3e38c48450e72ac043dbe8c2b602d0fb8"","""",""Mon, 06 Sep 2021 19:26:10 GMT"",""1"",""91"""
"1120533,""0x152416483358f2889c70e37f4f46d6b601f3f0ac"","""",""Mon, 06 Sep 2021 19:26:45 GMT"",""1"",""784"""
"1120534,""0x819e479f87a6384dcd1c63be221e76b474a581d0"","""",""Mon, 06 Sep 2021 19:27:05 GMT"",""1"",""1364"""
"1120536,""0xb6f346024cf5fecb8a2fc313ddc9f0cb2c8995a9"","""",""Mon, 06 Sep 2021 19:27:30 GMT"",""1"",""1"""
"1120540,""0x42b46bca0a4ab3d04409ba3b0127673a49d49f09"","""",""Mon, 06 Sep 2021 19:29:35 GMT"",""1"",""1"""
"1120541,""0xd4848e49910fc13ebbb88c7e27a5a40175ab0db9"","""",""Mon, 06 Sep 2021 19:29:45 GMT"",""1"",""93"""
"1120543,""0x9e5d7cb17a4b3481697873d43dc86461bf4db4bf"","""",""Mon, 06 Sep 2021 19:31:45 GMT"",""1"",""1"""
"1120544,""0xdac319bb232c199f73b17988df80cd0d6e111893"","""",""Mon, 06 Sep 2021 19:32:05 GMT"",""1"",""264"""
"1120548,""0xa2237b81ba22305456292531be3d668121842cab"","""",""Mon, 06 Sep 2021 19:33:25 GMT"",""1"",""1"""
"1120549,""0x64798a98a86f0bed62fdc01238eed73d1780a189"","""",""Mon, 06 Sep 2021 19:33:35 GMT"",""1"",""778"""
"1120555,""0xb20385568376fcd81069b3958bc97e55892b2c72"","""",""Mon, 06 Sep 2021 19:36:25 GMT"",""1"",""1"""
"1120558,""0x64773b94324e6cfdad6b055c21535cd4526c956f"","""",""Mon, 06 Sep 2021 19:37:15 GMT"",""1"",""138"""
"1120560,""0x4951ce90de60ebed73e8235918e0b48a1a1cd673"","""",""Mon, 06 Sep 2021 19:38:40 GMT"",""1"",""1"""
"1120561,""0xa4f8167706aaf9b0dfde893bea161aba4ea5784e"","""",""Mon, 06 Sep 2021 19:39:45 GMT"",""1"",""1609"""
"1120564,""0xabb087761704092a80b1de070e3ffec05bf62189"","""",""Mon, 06 Sep 2021 19:40:10 GMT"",""1"",""1"""
"1120567,""0x21705948289ed91b39e196e0ac662b0facacca57"","""",""Mon, 06 Sep 2021 19:40:55 GMT"",""1"",""253"""
"1120568,""0x37a63ecdd48f34998b2235a5bd64e3e78abb717b"","""",""Mon, 06 Sep 2021 19:41:20 GMT"",""1"",""380"""
"1120569,""0x47e4962450b631b75a26e03a6331d1de4a2ffaef"","""",""Mon, 06 Sep 2021 19:41:50 GMT"",""1"",""93"""
"1120571,""0x6f0eee843c02573596324a5cf6cd79ec6fbdea9d"","""",""Mon, 06 Sep 2021 19:42:00 GMT"",""1"",""1"""
"1120581,""0x22a9f4d050ddd5038f26ece566641130384ce64d"","""",""Mon, 06 Sep 2021 19:44:05 GMT"",""1"",""1"""
"1120589,""0xf420269d1e0839a505d41876fedd10390ab3ef6a"","""",""Mon, 06 Sep 2021 19:45:10 GMT"",""1"",""134"""
"1120594,""0xd6d7815be2bf8c1ac1122e31b391f238bff61cb7"","""",""Mon, 06 Sep 2021 19:46:05 GMT"",""1"",""1"""
"1120612,""0xe19cbe8fbfa28090a6f5a3cfaa3498f65fb16262"","""",""Mon, 06 Sep 2021 19:48:15 GMT"",""1"",""1"""
"1120617,""0xd82d005e8f8d5385db40ba23884a5c967bb1e8af"","""",""Mon, 06 Sep 2021 19:48:50 GMT"",""1"",""586"""
"1120618,""0x9feca864f51d805a948b2ce2b138b3602f3fed9f"","""",""Mon, 06 Sep 2021 19:49:20 GMT"",""1"",""578"""
"1120621,""0x7a4fdaabea2bcc1a34084678f574fa32701951b4"","""",""Mon, 06 Sep 2021 19:49:45 GMT"",""1"",""1"""
"1120630,""0xe0cf031a3e40f01617c74ec6574be98d712e3a44"","""",""Mon, 06 Sep 2021 19:51:30 GMT"",""1"",""1"""
"1120649,""0x91baa690c9bdfcb66437e916910a834beccb0d63"","""",""Mon, 06 Sep 2021 19:54:15 GMT"",""1"",""159"""
"1120652,""0x95d8ac20b2377a00fcda7cf56709c4570edd40b7"",""mists.eth"",""Mon, 06 Sep 2021 19:54:30 GMT"",""1"",""152"""
"1120667,""0xbad671008150cfc88dbcbb7db6d02c4d9f15f93c"","""",""Mon, 06 Sep 2021 19:56:20 GMT"",""1"",""3"""
"1120684,""0xf2664dfa7924d9f3895349bae785027ab9da1c87"",""shujiguo.eth"",""Mon, 06 Sep 2021 19:57:30 GMT"",""1"",""137"""
"1120701,""0x509cdebba232e7b7f603db5c93d1e4f1fed9c6f8"",""drgreenthumb.eth"",""Mon, 06 Sep 2021 19:59:10 GMT"",""1"",""270"""
"1120704,""0x8c15650fc5d048c6460c41b554bd5ea524f04662"","""",""Mon, 06 Sep 2021 19:59:30 GMT"",""1"",""2"""
"1120718,""0x639822107482dc6a1a406f36f6a80a8d4f462918"","""",""Mon, 06 Sep 2021 20:00:55 GMT"",""1"",""218"""
"1120722,""0x6c6eb35f180565ecbbcc899582b2c7ecbe6bb132"","""",""Mon, 06 Sep 2021 20:01:15 GMT"",""1"",""202"""
"1120724,""0x24bc629f61eb34dae4d98b2596e8206f89c70964"","""",""Mon, 06 Sep 2021 20:01:55 GMT"",""1"",""36"""
"1120726,""0xf938097bd64b0f9c969983b361a07edfe9143552"","""",""Mon, 06 Sep 2021 20:02:20 GMT"",""1"",""135"""
"1120727,""0x80bc5f3d3a9296d1e02708c988b507b3975fd549"","""",""Mon, 06 Sep 2021 20:03:10 GMT"",""1"",""37"""
"1120729,""0x87b895f37a93e76cf1c27ed68b38d77fee0f7867"",""mease.eth"",""Mon, 06 Sep 2021 20:03:30 GMT"",""1"",""342"""
"1120730,""0x9f4132f6c4eff3433e06c120c6e04c0e40cf63cc"","""",""Mon, 06 Sep 2021 20:04:20 GMT"",""1"",""323"""
"1120736,""0x0d1456a83ce96e010db1fcba4e71bbc6c3a18452"","""",""Mon, 06 Sep 2021 20:06:15 GMT"",""1"",""19"""
"1120743,""0xa2aead4397f72fb460939fd5a7df9de9f1e737c3"","""",""Mon, 06 Sep 2021 20:07:55 GMT"",""1"",""41"""
"1120744,""0x924f17026ab7e01147f892c3684c85f758775701"",""toyota-motor.eth"",""Mon, 06 Sep 2021 20:08:10 GMT"",""1"",""82"""
"1120746,""0x2f26dd2d74210aa8701ff7bcbc651772388f024d"","""",""Mon, 06 Sep 2021 20:08:20 GMT"",""1"",""558"""
"1120747,""0x896cc0f1051f1b329533e1c1cfbeb4e8f5142772"","""",""Mon, 06 Sep 2021 20:08:50 GMT"",""1"",""29"""
"1120749,""0x0b13393214804b6d105c41ddef072327620f852f"","""",""Mon, 06 Sep 2021 20:09:20 GMT"",""1"",""43"""
"1120750,""0xf335baa6e6ad984150a8526238808d2bff69869d"",""lootdex.eth"",""Mon, 06 Sep 2021 20:09:55 GMT"",""1"",""75"""
"1120754,""0xda428be4f8e0ec294fc0647690073895f406c659"",""whosyourfather.eth"",""Mon, 06 Sep 2021 20:10:50 GMT"",""1"",""74"""
"1120755,""0xf8afa6338e9fabafc49469c32f5fbfe911ea7c04"",""angelmother.eth"",""Mon, 06 Sep 2021 20:11:25 GMT"",""1"",""68"""
"1120756,""0xf5b4c4a7398662e0f5564f480b1166defa7f500e"",""stephenoravec.eth"",""Mon, 06 Sep 2021 20:11:50 GMT"",""1"",""11"""
"1120757,""0xbda6f1a21412e81721929515c3d54a3e4c8bd1a4"","""",""Mon, 06 Sep 2021 20:11:55 GMT"",""1"",""85"""
"1120759,""0x060bbb0bcc744293a1e7df8dd7cc2ec81951bf94"",""goodchina.eth"",""Mon, 06 Sep 2021 20:12:25 GMT"",""1"",""69"""
"1120761,""0xd6c0f3032b7876b504943cd5252c485d3168a849"",""wangzian.eth"",""Mon, 06 Sep 2021 20:13:05 GMT"",""1"",""69"""
"1120763,""0xb9a58cd3ffc6a2d7f5f0ffd8aff1ceefc43fe478"","""",""Mon, 06 Sep 2021 20:13:30 GMT"",""1"",""1069"""
"1120766,""0x9ae9b5e208dea9bffb62e1c88ea864eeca85e1ef"",""gaggle.eth"",""Mon, 06 Sep 2021 20:13:45 GMT"",""1"",""67"""
"1120768,""0xd3bb175d7b3a6587456a0b7d43fc5a3af06e82c8"","""",""Mon, 06 Sep 2021 20:14:15 GMT"",""1"",""674"""
"1120769,""0x1dcb6aca2949a1ba6bc576c46c6f1da1b3ea6dd0"","""",""Mon, 06 Sep 2021 20:14:25 GMT"",""1"",""66"""
"1120770,""0x30b628c2799632ebde850ded7700977ccb98bf05"","""",""Mon, 06 Sep 2021 20:14:30 GMT"",""1"",""398"""
"1120771,""0x016d4da7c7cd614cd50149a373873ff090b9782e"","""",""Mon, 06 Sep 2021 20:15:35 GMT"",""1"",""64"""
"1120773,""0x57d23a76582f30b09106ced93efecf2ef718e187"",""sfsfsf2013.eth"",""Mon, 06 Sep 2021 20:17:35 GMT"",""1"",""2064"""
"1120776,""0xee961273a0f49c8f3d0f20c2621b61034e4460b3"","""",""Mon, 06 Sep 2021 20:19:00 GMT"",""1"",""70"""
"1120779,""0x3071bb194a0d9552226e6c52e4bd21d99cbad3b8"","""",""Mon, 06 Sep 2021 20:20:05 GMT"",""1"",""44"""
"1120781,""0x1be59392f5484d7d4a4325536da5fc4931b4763d"","""",""Mon, 06 Sep 2021 20:22:55 GMT"",""1"",""360"""
"1120785,""0x06e98d3fa067c64db9dff3e0beaa46d165f0cb4b"","""",""Mon, 06 Sep 2021 20:25:25 GMT"",""1"",""238"""
"1120786,""0x237143e231ef576153f84acf0aa722468ae75715"","""",""Mon, 06 Sep 2021 20:25:40 GMT"",""1"",""18"""
"1120789,""0x93659ddd36735850713a8c9b5c461760ffe35b82"","""",""Mon, 06 Sep 2021 20:25:55 GMT"",""1"",""724"""
"1120791,""0x7bd0fafe34a8b64afaf16166d644cdbb2b950aab"",""poweroverwhelming.eth"",""Mon, 06 Sep 2021 20:26:20 GMT"",""1"",""201"""
"1120798,""0x01985690d95d15ab17f26bba1a466703ea4367b3"",""mochili.eth"",""Mon, 06 Sep 2021 20:27:45 GMT"",""1"",""179"""
"1120799,""0xc33148115aca10c7ace3ea868367a7dc711acc0e"","""",""Mon, 06 Sep 2021 20:27:55 GMT"",""1"",""2"""
"1120801,""0x5fa18f60c6e4a08493abd3a4da7b02e20b0cb2f9"",""dyorme.eth"",""Mon, 06 Sep 2021 20:28:00 GMT"",""1"",""277"""
"1120808,""0xe5d2beabc8055943f7fc23d7924cdadcf78883a8"","""",""Mon, 06 Sep 2021 20:30:15 GMT"",""1"",""499"""
"1120822,""0x59148e514d1660dd15675a9920796bd2efd68f5c"","""",""Mon, 06 Sep 2021 20:33:10 GMT"",""1"",""19"""
"1120825,""0xe10a9ffad9fcc7f685ff18bcb8957f0e9379e21c"","""",""Mon, 06 Sep 2021 20:33:20 GMT"",""1"",""415"""
"1120829,""0xa4d3316b09125c0d1bbfe757f43d3aae4e4e9d8f"",""onbtc.eth"",""Mon, 06 Sep 2021 20:34:30 GMT"",""1"",""145"""
"1120835,""0x8e97d33405c7498f9025f25e493bb95606961bf9"","""",""Mon, 06 Sep 2021 20:36:30 GMT"",""1"",""401"""
"1120839,""0xdf01ca703cfb4377a7a71579cc6bd7c14158b2bc"","""",""Mon, 06 Sep 2021 20:37:20 GMT"",""1"",""676"""
"1120844,""0x19b2ba0892da19d09d59e300d11da9edf96654ae"","""",""Mon, 06 Sep 2021 20:38:25 GMT"",""1"",""67"""
"1120885,""0x42919c338c192609a6042311e48c1a1ef5f1a6ce"",""mopai.eth"",""Mon, 06 Sep 2021 20:43:40 GMT"",""1"",""1733"""
"1120892,""0x5f1e7e0402548bba97b5a77800178e7ea7945a79"","""",""Mon, 06 Sep 2021 20:44:25 GMT"",""1"",""323"""
"1120902,""0x4c42e766ff99bb1d415f4ce3a1ec4c9dab0e61d9"","""",""Mon, 06 Sep 2021 20:45:55 GMT"",""1"",""508"""
"1120925,""0x1d2d35540b1606d2a994d6f8d16d11321232ed1b"","""",""Mon, 06 Sep 2021 20:47:50 GMT"",""1"",""330"""
"1120947,""0x08f42758f0cf234a50ea03be94a4a4420a54e3b9"","""",""Mon, 06 Sep 2021 20:49:35 GMT"",""1"",""377"""
"1120948,""0xbfced2937c65693c6dc772c6597c9af51d71e5a2"","""",""Mon, 06 Sep 2021 20:49:35 GMT"",""1"",""330"""
"1120956,""0x86ba9a85dc55a5d510fc71ad90831aaf9a69e888"",""poapex.eth"",""Mon, 06 Sep 2021 20:50:35 GMT"",""1"",""1395"""
"1120958,""0x6b4e456d151286e1db128c7835680d60d2649180"","""",""Mon, 06 Sep 2021 20:50:45 GMT"",""1"",""1232"""
"1120959,""0x77e3a35a6248c8ef5a0ea4d6c5f447df283f0f27"","""",""Mon, 06 Sep 2021 20:50:50 GMT"",""1"",""1192"""
"1120961,""0x244b53e953c6af07d7ee5f320caef72a18822170"","""",""Mon, 06 Sep 2021 20:50:55 GMT"",""1"",""1118"""
"1120963,""0xe8fed7dd3e858d5837219ffec815658ea891f69f"","""",""Mon, 06 Sep 2021 20:51:00 GMT"",""1"",""1094"""
"1120964,""0xa187497c509a56cc1f5226a5895a6f59bc5a8205"","""",""Mon, 06 Sep 2021 20:51:05 GMT"",""1"",""1080"""
"1120968,""0xa935be8187f01a078969b39130e5b46bfdbfd2f1"","""",""Mon, 06 Sep 2021 20:51:20 GMT"",""1"",""311"""
"1120970,""0x27fdcb11fc3af7d8b89f3ed1522693c6c21dae77"","""",""Mon, 06 Sep 2021 20:51:30 GMT"",""1"",""1053"""
"1120971,""0xb63c0456c3a2e958826f0b5ac32349a55f80d816"","""",""Mon, 06 Sep 2021 20:51:35 GMT"",""1"",""1014"""
"1120973,""0x306073722fb7387b0733f7fe107d7855bb3bca95"","""",""Mon, 06 Sep 2021 20:51:40 GMT"",""1"",""995"""
"1120975,""0xe2f444264a6f5266697f0f4ba80df05bb68804e9"","""",""Mon, 06 Sep 2021 20:51:45 GMT"",""1"",""972"""
"1120978,""0x33dc86434aadb28b6a6b27407db802da9370f438"","""",""Mon, 06 Sep 2021 20:52:00 GMT"",""1"",""81"""
"1120981,""0x525f36901488f3652adfe00b9bd284067e3a45f7"","""",""Mon, 06 Sep 2021 20:52:10 GMT"",""1"",""7"""
"1120984,""0x5f5c1c8b092feb0a8831c9e86b60449c3119f238"",""haikang.eth"",""Mon, 06 Sep 2021 20:52:50 GMT"",""1"",""37"""
"1120986,""0x369d055674323f66182c67f5a77547831e26b63a"","""",""Mon, 06 Sep 2021 20:53:00 GMT"",""1"",""1069"""
"1120989,""0x38cf796a9c7fac7e020cbfa101eae13beeef73a0"","""",""Mon, 06 Sep 2021 20:53:45 GMT"",""1"",""6"""
"1120993,""0xb2360fc0fd37680397665fb5d6756ede7a03749b"","""",""Mon, 06 Sep 2021 20:54:10 GMT"",""1"",""4"""
"1120998,""0xf9199a83fe6b562906d8d4443ca500eac7363018"","""",""Mon, 06 Sep 2021 20:54:50 GMT"",""1"",""292"""
"1121004,""0xfcddbcb74b447eaf0e72721ad34dc83fbf84c62b"","""",""Mon, 06 Sep 2021 20:55:30 GMT"",""1"",""9"""
"1121007,""0xc91554179a4733042c184de33aad78148b8549ac"","""",""Mon, 06 Sep 2021 20:55:55 GMT"",""1"",""272"""
"1121008,""0x4dea3179dc4e17c70ad865c0178190619464120a"","""",""Mon, 06 Sep 2021 20:56:00 GMT"",""1"",""11"""
"1121010,""0x7ff3e8788d68d67c20c3c3105b958a8d70b28871"","""",""Mon, 06 Sep 2021 20:56:25 GMT"",""1"",""1"""
"1121013,""0xd90c93a93df27258ca6bd716f9de6d4e7e41cf59"","""",""Mon, 06 Sep 2021 20:56:35 GMT"",""1"",""258"""
"1121017,""0x6ef88427f70dc27a18313d71f4c6f0c1970be6c1"","""",""Mon, 06 Sep 2021 20:56:45 GMT"",""1"",""2"""
"1121021,""0x338158b504f95578d83c532956811f27bcfa439f"",""defisoul.eth"",""Mon, 06 Sep 2021 20:57:15 GMT"",""1"",""546"""
"1121027,""0xb3253481b7f9221939c812f31dd3056c0b1db17c"","""",""Mon, 06 Sep 2021 20:57:45 GMT"",""1"",""173"""
"1121029,""0x6efb5674de9717e4798e656ed8db5e31186b2cc9"","""",""Mon, 06 Sep 2021 20:57:50 GMT"",""1"",""3"""
"1121031,""0x975eec18ed160717c145ac5db7708d1b9f1c6735"","""",""Mon, 06 Sep 2021 20:58:10 GMT"",""1"",""1"""
"1121036,""0x9348614e62826c57a3c98f07037269843105d3cd"","""",""Mon, 06 Sep 2021 20:58:35 GMT"",""1"",""243"""
"1121038,""0xbccb1c9f0f2500f7169f55a8ee3ab49428183896"","""",""Mon, 06 Sep 2021 20:58:45 GMT"",""1"",""268"""
"1121044,""0x7fa195c754933c734a27da24a444c7efa8818538"","""",""Mon, 06 Sep 2021 20:59:15 GMT"",""1"",""1"""
"1121054,""0x0fece63652564a95b72762e8d710b3af7c3b32cd"","""",""Mon, 06 Sep 2021 21:00:10 GMT"",""1"",""1"""
"1121063,""0x5a6f02b7e2a8e1865d09879987f8b9b5925cf129"","""",""Mon, 06 Sep 2021 21:01:30 GMT"",""1"",""265"""
"1121068,""0x99d764d2aff474717096d4849c94e946ace175df"","""",""Mon, 06 Sep 2021 21:01:50 GMT"",""1"",""207"""
"1121077,""0x09f37d05b2f1fef9335b06241b519466df3faae7"","""",""Mon, 06 Sep 2021 21:02:30 GMT"",""1"",""176"""
"1121079,""0xb5e905fc4184a0ee6e080644aa2e56de28a0d065"","""",""Mon, 06 Sep 2021 21:02:55 GMT"",""1"",""1"""
"1121089,""0xadc1219a8cefc1ab4b8720c1d50cff6cd10896c4"","""",""Mon, 06 Sep 2021 21:04:00 GMT"",""1"",""180"""
"1121095,""0xdaabbb932725cc1b3ca487ee174b59cbd6b0ec98"",""lxj168.eth"",""Mon, 06 Sep 2021 21:04:40 GMT"",""1"",""962"""
"1121098,""0xc79c935caa2f3ba23d2841591aa90cb99c99ffd9"","""",""Mon, 06 Sep 2021 21:05:05 GMT"",""1"",""157"""
"1121100,""0x09e42a86c81e8b47f9c54626f58d0feb09558354"","""",""Mon, 06 Sep 2021 21:05:15 GMT"",""1"",""151"""
"1121101,""0x9e001c93bb120f99ff9136cc15c2cae9e1b7502c"","""",""Mon, 06 Sep 2021 21:05:25 GMT"",""1"",""157"""
"1121102,""0x7969250d41635b0c0af944c76e1a62bfbfd90daa"","""",""Mon, 06 Sep 2021 21:05:35 GMT"",""1"",""176"""
"1121108,""0x7e2b802a4b4f5acb033e4ab34e2d80bf8b2d2a7c"","""",""Mon, 06 Sep 2021 21:07:10 GMT"",""1"",""1082"""
"1121126,""0xefc7fb62cd686093c7f1cd6f7212348c67d28c24"","""",""Mon, 06 Sep 2021 21:10:25 GMT"",""1"",""468"""
"1121127,""0xcae903a3a3dfa70bfa152dff17d64f1fd22c7103"","""",""Mon, 06 Sep 2021 21:10:30 GMT"",""1"",""456"""
"1121128,""0xfc9ecb72237c7056f81fac93daa570ef610d80b2"","""",""Mon, 06 Sep 2021 21:10:30 GMT"",""1"",""432"""
"1121129,""0x7e5caf180bf50204187acb90cc9c5a1f72091b71"","""",""Mon, 06 Sep 2021 21:10:35 GMT"",""1"",""419"""
"1121130,""0x631e0712a88fd0ba08b18ca43b1c7a137db3faa3"","""",""Mon, 06 Sep 2021 21:10:45 GMT"",""1"",""416"""
"1121131,""0x4bb9aef4436d068f75529c0bd71a9b5630371e4a"","""",""Mon, 06 Sep 2021 21:10:45 GMT"",""1"",""406"""
"1121133,""0x39bf7e17fdb0ec63e0d00da99a3d5282d0e1a58b"","""",""Mon, 06 Sep 2021 21:10:50 GMT"",""1"",""396"""
"1121134,""0x2c1d4df9aa88d354c4f850b81fdea5bac87dceeb"","""",""Mon, 06 Sep 2021 21:11:00 GMT"",""1"",""150"""
"1121135,""0x3be24fd60997fbceb4027eddbbcd2ad6530e220a"","""",""Mon, 06 Sep 2021 21:11:00 GMT"",""1"",""135"""
"1121136,""0x4faf026d8351d6c821e5bf1fdbb391b49faf4fb7"","""",""Mon, 06 Sep 2021 21:11:00 GMT"",""1"",""122"""
"1121138,""0xa057cf1f9124a619432c5a434f4af5b105923a39"","""",""Mon, 06 Sep 2021 21:11:05 GMT"",""1"",""107"""
"1121140,""0x93eced70d24003052ff57a4e49ebde7ceeb1d6d8"","""",""Mon, 06 Sep 2021 21:11:05 GMT"",""1"",""102"""
"1121145,""0xb44ac514588be99870220d12120815bc3d349507"",""yab888.eth"",""Mon, 06 Sep 2021 21:12:05 GMT"",""1"",""893"""
"1121152,""0xaed5ef0aa3d1461946257d9198475a8aced910d0"",""w060908.eth"",""Mon, 06 Sep 2021 21:13:45 GMT"",""1"",""341"""
"1121159,""0x4e8b4ca77f517e53416f670f829ed028d73db9be"","""",""Mon, 06 Sep 2021 21:14:50 GMT"",""1"",""431"""
"1121160,""0x48fae920b92b9408f88619ff5c217ecebaf563b8"","""",""Mon, 06 Sep 2021 21:14:55 GMT"",""1"",""535"""
"1121166,""0x664d146c77b4ffb59e66c1b32fca682323dd3b0b"","""",""Mon, 06 Sep 2021 21:15:15 GMT"",""1"",""25"""
"1121174,""0xa2e0084c476a8ba3640d1c1cce147e12e2206d64"","""",""Mon, 06 Sep 2021 21:16:30 GMT"",""1"",""1"""
"1121175,""0xd6aaa5b3ef7d9847d7442f6837a6ae3d12472a8c"","""",""Mon, 06 Sep 2021 21:16:30 GMT"",""1"",""206"""
"1121194,""0xa85884dcaf3bef53adb32bb3837acf25ee626b25"","""",""Mon, 06 Sep 2021 21:18:40 GMT"",""1"",""85"""
"1121203,""0xc54a6c3778016b06cbd126ccc3b5bc06c5f666fb"",""ly888.eth"",""Mon, 06 Sep 2021 21:19:00 GMT"",""1"",""865"""
"1121214,""0x6b6ff42befcc6659fa759d7c476231eaab3cb292"","""",""Mon, 06 Sep 2021 21:19:40 GMT"",""1"",""268"""
"1121226,""0x5c352f55956adc50ee7f2904a732405cf1921ee6"","""",""Mon, 06 Sep 2021 21:20:35 GMT"",""1"",""69"""
"1121283,""0x76282a2d0371118ec586c6c203005e090f365cdd"","""",""Mon, 06 Sep 2021 21:29:10 GMT"",""1"",""449"""
"1121285,""0xf0441601a9b8a9b6cc58ac319bd05586049fbf7a"","""",""Mon, 06 Sep 2021 21:29:30 GMT"",""1"",""64"""
"1121286,""0x69957afc770b5fdfdcb8288f632c8ca7a518b833"",""supergold.eth"",""Mon, 06 Sep 2021 21:29:35 GMT"",""1"",""103"""
"1121295,""0x85d6268700a4d6d708b9f4798feacc731a4373a1"","""",""Mon, 06 Sep 2021 21:31:35 GMT"",""1"",""300"""
"1121303,""0x80115c611d45b069ca6517a5988f176227378576"","""",""Mon, 06 Sep 2021 21:32:30 GMT"",""1"",""216"""
"1121305,""0xb96e009284ecf57ec124626c5dc71ca9c7a205bd"","""",""Mon, 06 Sep 2021 21:32:45 GMT"",""1"",""211"""
"1121314,""0x0b6e79ba994cf84969bc73104818229612526dae"","""",""Mon, 06 Sep 2021 21:33:45 GMT"",""1"",""716"""
"1121330,""0xb131e14489a8a52a856407da9d3e7721d4f3d903"","""",""Mon, 06 Sep 2021 21:36:15 GMT"",""1"",""596"""
"1121344,""0x531c64cc8796d85e79f96a4507652f67a75bbc02"",""nearswap.eth"",""Mon, 06 Sep 2021 21:38:00 GMT"",""1"",""42"""
"1121351,""0x8290fc8b2d8b4ab924723dff59c2b473b9db9116"","""",""Mon, 06 Sep 2021 21:38:20 GMT"",""1"",""154"""
"1121354,""0xd801e5c154d770814e4debd1ddc8214c39720bfe"","""",""Mon, 06 Sep 2021 21:38:35 GMT"",""1"",""812"""
"1121364,""0x02aa5ef6d469841e340669dc22fa89babd3dc8b6"","""",""Mon, 06 Sep 2021 21:39:40 GMT"",""1"",""449"""
"1121371,""0x62826c1fa6719122787e4295cbab38d593177b4c"","""",""Mon, 06 Sep 2021 21:41:45 GMT"",""1"",""360"""
"1121385,""0xf76e5eb34d4e8eae149f9c81100579f359682566"","""",""Mon, 06 Sep 2021 21:43:15 GMT"",""1"",""84"""
"1121391,""0x7f6161cad73023ae5d6e6c93735c144356bfe2fd"","""",""Mon, 06 Sep 2021 21:44:15 GMT"",""1"",""160"""
"1121456,""0x2ecdb630805da92af2d532279ff4426c3f5e2f0e"","""",""Mon, 06 Sep 2021 21:56:30 GMT"",""1"",""106"""
"1121475,""0x431bdd4cc4e0c54dbb71a8259245e575e436c275"","""",""Mon, 06 Sep 2021 21:59:45 GMT"",""1"",""354"""
"1121493,""0x4e1ce83aa63c008894c44144d1e30a17ec418ccc"","""",""Mon, 06 Sep 2021 22:02:15 GMT"",""1"",""82"""
"1121497,""0xac1b0963e16e9f59ba85e57112d9b642bbcab968"","""",""Mon, 06 Sep 2021 22:02:25 GMT"",""1"",""105"""
"1121498,""0x716da19c5c037d876265fd4935c44b62eb765a87"","""",""Mon, 06 Sep 2021 22:02:40 GMT"",""1"",""36"""
"1121500,""0x2c0a5e25550354c0b7c5ba35f07c06cde169f8af"","""",""Mon, 06 Sep 2021 22:02:45 GMT"",""1"",""106"""
"1121502,""0x2aaf36b234ce12f47a692114b3e2dfefb6a08f61"","""",""Mon, 06 Sep 2021 22:02:55 GMT"",""1"",""243"""
"1121505,""0x2bca59979de7da6921d655c340d4394df2da95de"","""",""Mon, 06 Sep 2021 22:03:10 GMT"",""1"",""115"""
"1121507,""0xe1e6d83d34c549bf5362c7c09816f9abe2192ed4"","""",""Mon, 06 Sep 2021 22:03:20 GMT"",""1"",""104"""
"1121509,""0x841c292d40b18b39c2eeff4ed61b1e6de5fa541c"","""",""Mon, 06 Sep 2021 22:03:30 GMT"",""1"",""132"""
"1121511,""0xde57594a22a68988ce0ae8b26b15ea6e3d1bd66f"","""",""Mon, 06 Sep 2021 22:03:55 GMT"",""1"",""33"""
"1121512,""0x62182bad224e8771756123a89b638cae30f47957"","""",""Mon, 06 Sep 2021 22:03:55 GMT"",""1"",""26"""
"1121516,""0xd46da5905999796e5235e10bdd8ae779bd4f5301"","""",""Mon, 06 Sep 2021 22:04:10 GMT"",""1"",""90"""
"1121519,""0xc4175b37d18f846f65788d8a58df94654ecc3509"","""",""Mon, 06 Sep 2021 22:04:20 GMT"",""1"",""91"""
"1121521,""0xb46c0c49593407ecd2a3879bb23593afc812fcc7"","""",""Mon, 06 Sep 2021 22:04:30 GMT"",""1"",""83"""
"1121523,""0xa5fe885d8a001290735b6e8f7297417be02b0b1c"","""",""Mon, 06 Sep 2021 22:04:40 GMT"",""1"",""98"""
"1121552,""0xa453e11275749dea548ee798b5ba9c653707bbd6"","""",""Mon, 06 Sep 2021 22:09:10 GMT"",""1"",""101"""
"1121554,""0x89e4ddc8ffceaf8cc83e05407e5b2102fca96ced"","""",""Mon, 06 Sep 2021 22:09:35 GMT"",""1"",""89"""
"1121560,""0xf3611410decb07b483731ca0085137c21bc39218"","""",""Mon, 06 Sep 2021 22:10:40 GMT"",""1"",""673"""
"1121561,""0x0213b40d14fb12e34772c20580feac0d7f690801"","""",""Mon, 06 Sep 2021 22:10:55 GMT"",""1"",""351"""
"1121563,""0x34783018fabe614e22601dcf3973d2e97b97739d"","""",""Mon, 06 Sep 2021 22:11:50 GMT"",""1"",""101"""
"1121564,""0xd71f87a898b8c50ecf01a95e8a7e1a922f79df80"","""",""Mon, 06 Sep 2021 22:12:00 GMT"",""1"",""101"""
"1121566,""0xb47ff309d76d635aa4067e3f3b38198fd25b2be5"","""",""Mon, 06 Sep 2021 22:12:10 GMT"",""1"",""98"""
"1121567,""0xa1562071beebf0d778312263d0936c707e12964a"","""",""Mon, 06 Sep 2021 22:12:10 GMT"",""1"",""289"""
"1121568,""0x2969795a114910e4f8f79812a7a53e41b7f52dac"","""",""Mon, 06 Sep 2021 22:12:15 GMT"",""1"",""169"""
"1121569,""0x28330610e23a6dca2ca9b9489fd146659233c117"","""",""Mon, 06 Sep 2021 22:12:20 GMT"",""1"",""103"""
"1121571,""0x24b6cc9b1a54b07fb353acca55ace2c6d0f306ab"","""",""Mon, 06 Sep 2021 22:12:30 GMT"",""1"",""88"""
"1121572,""0x21f8cbb77c5e25e8f0fd4725c41a23ea3a79c4dd"","""",""Mon, 06 Sep 2021 22:12:45 GMT"",""1"",""49"""
"1121575,""0x885a2786292d2d37f3101b713955ab4c1ce7dec8"","""",""Mon, 06 Sep 2021 22:12:45 GMT"",""1"",""84"""
"1121576,""0x7bc1cb8e6d6efea608c89e528594b00275ed4aea"",""flycloud.eth"",""Mon, 06 Sep 2021 22:12:45 GMT"",""1"",""37"""
"1121577,""0x962dc45af9aafb4529a4a090fe8c4b968c4957f0"","""",""Mon, 06 Sep 2021 22:12:55 GMT"",""1"",""79"""
"1121579,""0x7880e7319dbced4a1b9108dd54cdd3c06c7d7ae7"","""",""Mon, 06 Sep 2021 22:13:05 GMT"",""1"",""69"""
"1121582,""0x603f9f25ea89f465e36e2e9a9eb13289f0e7dae8"",""aijia123456789.eth"",""Mon, 06 Sep 2021 22:13:20 GMT"",""1"",""347"""
"1121583,""0xe42509ce6d26310087cf24e08e3435e9a85e68cd"","""",""Mon, 06 Sep 2021 22:13:20 GMT"",""1"",""94"""
"1121584,""0xe3bc83ae838e5fc8600b944254a0792a4a5ce53c"","""",""Mon, 06 Sep 2021 22:13:25 GMT"",""1"",""84"""
"1121588,""0xde4c5360dbb4591f54dbd83da661329932cf843d"","""",""Mon, 06 Sep 2021 22:13:35 GMT"",""1"",""70"""
"1121592,""0xd3f95ef1578ade7f9229672cf22dc9a7543e4eb7"","""",""Mon, 06 Sep 2021 22:13:45 GMT"",""1"",""99"""
"1121597,""0xc372a7e40c5fb2da80deed954f520a54e729dec9"","""",""Mon, 06 Sep 2021 22:14:00 GMT"",""1"",""84"""
"1121599,""0xb3a83cfee1ab9ba71189390a318c2b88f9f0e60a"","""",""Mon, 06 Sep 2021 22:14:05 GMT"",""1"",""71"""
"1121607,""0xca565ff3715dfeefde516d0fc3c4271edf874b4b"","""",""Mon, 06 Sep 2021 22:14:40 GMT"",""1"",""1"""
"1121611,""0x9749eed9fe2027697c755d906c1ae70af44e9a92"","""",""Mon, 06 Sep 2021 22:15:25 GMT"",""1"",""17"""
"1121616,""0x913e0fe3f907fbc3f48d6a6e3791eefab0dc31bf"","""",""Mon, 06 Sep 2021 22:15:45 GMT"",""1"",""24"""
"1121634,""0x8d3ce9390c5ededb7180c6c2a96f38e6b49e971b"","""",""Mon, 06 Sep 2021 22:17:55 GMT"",""1"",""9"""
"1121637,""0xcf19c7444b775f4fede9b7b53b4d708338004aa4"","""",""Mon, 06 Sep 2021 22:18:00 GMT"",""1"",""3"""
"1121644,""0xfcd134aa6567e6c28b342c575199376e491841be"","""",""Mon, 06 Sep 2021 22:19:25 GMT"",""1"",""479"""
"1121646,""0x16f8192132e313a628d749f4a940895932152cd9"","""",""Mon, 06 Sep 2021 22:19:55 GMT"",""1"",""59"""
"1121647,""0x64be81afd69c57c2dfccb187dbbb0c339a7ef5bd"","""",""Mon, 06 Sep 2021 22:20:10 GMT"",""1"",""71"""
"1121649,""0xd23516020b92676c6864ee37872429ad9be416fb"","""",""Mon, 06 Sep 2021 22:20:20 GMT"",""1"",""74"""
"1121650,""0xc2cdd11870a64f3af46e8794a12a82d7145fd3d2"","""",""Mon, 06 Sep 2021 22:20:35 GMT"",""1"",""71"""
"1121651,""0xb2efc0572aca62d42f640d46be6eb9d96122eaa4"","""",""Mon, 06 Sep 2021 22:20:50 GMT"",""1"",""63"""
"1121653,""0xa3f057269ac82f311534e9d3d90e217a3ca4874a"","""",""Mon, 06 Sep 2021 22:21:10 GMT"",""1"",""79"""
"1121655,""0xa585e09ef409403052c81b961300fb4643d7c894"","""",""Mon, 06 Sep 2021 22:21:35 GMT"",""1"",""286"""
"1121657,""0x70c343528c6d918c60137a1f316f7f80e36280eb"","""",""Mon, 06 Sep 2021 22:21:50 GMT"",""1"",""249"""
"1121659,""0xfde206c1cad3b5c0934b3b7aaa050f69ed440729"","""",""Mon, 06 Sep 2021 22:22:00 GMT"",""1"",""58"""
"1121661,""0x5d04f44c05e34c4d2873d3f84b65260863064063"","""",""Mon, 06 Sep 2021 22:22:10 GMT"",""1"",""70"""
"1121665,""0xc8d5c51795a4fa167adaccca624116871769ac07"","""",""Mon, 06 Sep 2021 22:22:45 GMT"",""1"",""101"""
"1121667,""0xec036bd57fe6472081973b3be9395c8abac708c5"","""",""Mon, 06 Sep 2021 22:22:55 GMT"",""1"",""224"""
"1121669,""0x6998c7254c76afe64c170151d6e5d45e646ec84a"","""",""Mon, 06 Sep 2021 22:23:45 GMT"",""1"",""303"""
"1121675,""0x0bd2921cf6f3d3334aa3698a70d8ae2db102cf62"","""",""Mon, 06 Sep 2021 22:24:15 GMT"",""1"",""2"""
"1121677,""0x7e2a0b8dc826fd3e31461d762a5dc8109fb97636"","""",""Mon, 06 Sep 2021 22:24:25 GMT"",""1"",""213"""
"1121678,""0xf23a7ca6b3fc0be7d0125ec871896ba56692f813"","""",""Mon, 06 Sep 2021 22:24:25 GMT"",""1"",""74"""
"1121680,""0x84dfd98c8c0f1617bc8105aa74805d0ac372aef3"","""",""Mon, 06 Sep 2021 22:24:45 GMT"",""1"",""508"""
"1121682,""0xf8d4223d58f49c42fb732ad02ca4eacd9f0f09c8"","""",""Mon, 06 Sep 2021 22:26:10 GMT"",""1"",""366"""
"1121688,""0x68038f51daf9a517ddba611668d7f8f5cbbbacf2"","""",""Mon, 06 Sep 2021 22:26:55 GMT"",""1"",""845"""
"1121693,""0x1ceaf3e17decfc2b528d5371aedc10465c449591"","""",""Mon, 06 Sep 2021 22:27:55 GMT"",""1"",""195"""
"1121694,""0x021699aaf005dabd166bf803c65fc90529fcff4a"","""",""Mon, 06 Sep 2021 22:28:00 GMT"",""1"",""1029"""
"1121697,""0xdb0caeb6dda50ffc4199b8f6979bc5d5bc04d972"","""",""Mon, 06 Sep 2021 22:28:30 GMT"",""1"",""602"""
"1121699,""0x48df3b835e995ec54ce7eb87028dca084d033479"","""",""Mon, 06 Sep 2021 22:28:40 GMT"",""1"",""373"""
"1121705,""0x6bda0404288459cdc35b95a0162636088dccbee8"",""poapdao.eth"",""Mon, 06 Sep 2021 22:29:55 GMT"",""1"",""1751"""
"1121711,""0xef7e5525f06ceca8a394fa00c5d6575e697510f4"","""",""Mon, 06 Sep 2021 22:30:50 GMT"",""1"",""226"""
"1121717,""0xbfd983ad4f8a87c053db207662b6f67ad2e50d20"",""sohot.eth"",""Mon, 06 Sep 2021 22:31:45 GMT"",""1"",""407"""
"1121722,""0xc63cb9aa27674189a92eb37b144bcae0d13647de"",""赶年春风十里贺良辰平安喜乐得所愿.eth"",""Mon, 06 Sep 2021 22:32:40 GMT"",""1"",""241"""
"1121723,""0xecd8c7abae05083c7bf368e022a311c24a11870f"",""ethfly.eth"",""Mon, 06 Sep 2021 22:32:55 GMT"",""1"",""2226"""
"1121730,""0x2e5199b46f1d8f2b9ddc02db7edad90805a82896"",""poapcoin.eth"",""Mon, 06 Sep 2021 22:34:50 GMT"",""1"",""759"""
"1121732,""0x39dd5de22f999df71e23cc6459bac074ab5a22ea"","""",""Mon, 06 Sep 2021 22:35:45 GMT"",""1"",""63"""
"1121735,""0xeeb9003edfef21145f5b16e522a31de1f1b03162"","""",""Mon, 06 Sep 2021 22:36:15 GMT"",""1"",""1027"""
"1121742,""0x371dcb77311d0a6e2d7a47afc9279295ab526103"","""",""Mon, 06 Sep 2021 22:37:00 GMT"",""1"",""653"""
"1121760,""0x522aca67d3a78242e58429452f9ca140e7c76565"","""",""Mon, 06 Sep 2021 22:38:45 GMT"",""1"",""73"""
"1121771,""0x31c4e6deb4f572c77f33ee191e73047c3ace78d3"","""",""Mon, 06 Sep 2021 22:40:45 GMT"",""1"",""773"""
"1121775,""0xa16dd5d3790e6e7a3ee0024f7869a0e043b0e0a7"","""",""Mon, 06 Sep 2021 22:40:55 GMT"",""1"",""71"""
"1121782,""0xa2830d96e4105fccb372cf02e14330b368db53cf"","""",""Mon, 06 Sep 2021 22:41:15 GMT"",""1"",""107"""
"1121786,""0xb11a9268e07128e0951e9e3029258dd050087211"","""",""Mon, 06 Sep 2021 22:41:25 GMT"",""1"",""92"""
"1121789,""0xc163418e7f5dedc8147219c2396dd3cb20448063"","""",""Mon, 06 Sep 2021 22:41:40 GMT"",""1"",""83"""
"1121790,""0x18fac66154576604b93a73e627e073e094462ccf"",""doggys.eth"",""Mon, 06 Sep 2021 22:41:45 GMT"",""1"",""202"""
"1121791,""0xb64fc4d9205c9b27b220bd8aea760eee9d8e36b5"",""mifan.eth"",""Mon, 06 Sep 2021 22:41:45 GMT"",""1"",""341"""
"1121793,""0xd11fa5ed590a812888273e1b591c20e950401f9d"","""",""Mon, 06 Sep 2021 22:41:50 GMT"",""1"",""79"""
"1121795,""0xde2eaf8e10dc95cf2a7826849fd5dd52b87a0803"","""",""Mon, 06 Sep 2021 22:42:05 GMT"",""1"",""67"""
"1121807,""0x231ebe5135007f959a343f58162cc7fae3eddd0f"","""",""Mon, 06 Sep 2021 22:42:35 GMT"",""1"",""515"""
"1121815,""0xad5e755cde964b6095ae3a2c550b3727b0548a24"","""",""Mon, 06 Sep 2021 22:43:00 GMT"",""1"",""441"""
"1121820,""0xf12a8d9f80b0a1fd2474281039a58a1806afa3b4"","""",""Mon, 06 Sep 2021 22:43:10 GMT"",""1"",""66"""
"1121823,""0xb7df58ab83c67b6f9b27bec4e57a470b147f2ca1"","""",""Mon, 06 Sep 2021 22:43:25 GMT"",""1"",""55"""
"1121826,""0xe96af266fd6297c3307ed3bb48c0e828853c96b1"","""",""Mon, 06 Sep 2021 22:43:35 GMT"",""1"",""50"""
"1121827,""0x4f683e37ff40b386df87b1edc0d8c7826006d6c1"","""",""Mon, 06 Sep 2021 22:43:45 GMT"",""1"",""52"""
"1121832,""0x3f137c9ec8d75e70659d8b633442d2acff0a4660"","""",""Mon, 06 Sep 2021 22:44:05 GMT"",""1"",""286"""
"1121835,""0xa3d0750295d85e813eb8701d6f323fdec651518c"","""",""Mon, 06 Sep 2021 22:44:10 GMT"",""1"",""147"""
"1121836,""0x66206294465d58692db88cebb9b593079e8379e1"","""",""Mon, 06 Sep 2021 22:44:20 GMT"",""1"",""52"""
"1121837,""0x69e5cd64ebb3f7797d5eefa2f92006e19f9cdff1"","""",""Mon, 06 Sep 2021 22:44:25 GMT"",""1"",""54"""
"1121838,""0xc77877fba8de25e32cc5eeefa99215f997e00c68"","""",""Mon, 06 Sep 2021 22:44:35 GMT"",""1"",""61"""
"1121840,""0x8170317a4d0cad589c87b35997257a24b7a286f8"","""",""Mon, 06 Sep 2021 22:44:45 GMT"",""1"",""404"""
"1121844,""0xeae3e7e92ff123f93f150aed446ee6a369e318d4"","""",""Mon, 06 Sep 2021 22:44:55 GMT"",""1"",""71"""
"1121849,""0xe16e1a77e28b5e250d97810dbffc9317de84f1f2"","""",""Mon, 06 Sep 2021 22:45:05 GMT"",""1"",""60"""
"1121854,""0xd266f31743e3bc0f4cfb46e5dd92cd7a534f8aaf"","""",""Mon, 06 Sep 2021 22:45:15 GMT"",""1"",""71"""
"1121864,""0xfefff0573489426a21512071972f297f06f2e444"","""",""Mon, 06 Sep 2021 22:45:40 GMT"",""1"",""84"""
"1121877,""0x7533a78b57141e4599a85409dc71c593326cc18c"","""",""Mon, 06 Sep 2021 22:46:30 GMT"",""1"",""299"""
"1121936,""0x0729006bdf361a95092187e0822010005f45fdf9"","""",""Mon, 06 Sep 2021 22:49:20 GMT"",""1"",""254"""
"1121943,""0xc438b4e78119eac74a6f30d7de8a3f5919b34b50"","""",""Mon, 06 Sep 2021 22:49:50 GMT"",""1"",""132"""
"1121947,""0x2f08378d6eda1e616a57ec2c01149669ea9eb395"","""",""Mon, 06 Sep 2021 22:50:20 GMT"",""1"",""72"""
"1121954,""0xc1d033d0a29304bb6521f8f1d467256ad8054823"","""",""Mon, 06 Sep 2021 22:50:45 GMT"",""1"",""186"""
"1121956,""0x79a01661f26f5317342b64187a53104751491536"","""",""Mon, 06 Sep 2021 22:51:00 GMT"",""1"",""318"""
"1122017,""0xe7ce2bb1e1fc77f4f654885f6b2496beb19ed093"",""layer2nft.eth"",""Mon, 06 Sep 2021 22:55:00 GMT"",""1"",""665"""
"1122025,""0x0a3b4905b0a7bd42645c8f0bda9f3bc213f09610"",""passerdy.eth"",""Mon, 06 Sep 2021 22:56:00 GMT"",""1"",""937"""
"1122030,""0x2f0ac863d0accf05e876a7a2072a9b6faecb4d14"","""",""Mon, 06 Sep 2021 22:56:15 GMT"",""1"",""78"""
"1122063,""0x676d7ed338946143625dfd89e24bac7ada923178"","""",""Mon, 06 Sep 2021 22:59:15 GMT"",""1"",""324"""
"1122089,""0x6c4b8edc6d9eeeeb355fe797b192b940d456ef47"","""",""Mon, 06 Sep 2021 23:00:40 GMT"",""1"",""1139"""
"1122095,""0x3fb5c2d90a98290f9d6d87e67689fc5a0bf39386"","""",""Mon, 06 Sep 2021 23:01:10 GMT"",""1"",""257"""
"1122103,""0x2e0d63ffcb08ea20ff3acdbb72dfec97343885d2"",""flashrekt.eth"",""Mon, 06 Sep 2021 23:01:35 GMT"",""1"",""38"""
"1122104,""0xc8b344ab2211ad896abc7bfd4f6c6f98d7d551aa"","""",""Mon, 06 Sep 2021 23:01:35 GMT"",""1"",""296"""
"1122110,""0x5bd79a5af48b8519c13f0262d06c668feaa78e0a"","""",""Mon, 06 Sep 2021 23:01:50 GMT"",""1"",""938"""
"1122120,""0xc2fa020ccbed2aa1375c7c13297257a95b14b896"","""",""Mon, 06 Sep 2021 23:02:45 GMT"",""1"",""678"""
"1122128,""0x33c4012069b6249d272d878ad32121e3783545aa"","""",""Mon, 06 Sep 2021 23:03:20 GMT"",""1"",""287"""
"1122136,""0xe8cd4cb68dd4c79d118368f36d8564f3134c180d"",""ethpiggie.eth"",""Mon, 06 Sep 2021 23:04:15 GMT"",""1"",""719"""
"1122150,""0x5741cc54214eca9f8b8492419f2a3b0aaed8cfa8"","""",""Mon, 06 Sep 2021 23:05:20 GMT"",""1"",""592"""
"1122154,""0x3bf6edaf3cd1a3b4718f07af6859ccf5c91bf10b"","""",""Mon, 06 Sep 2021 23:05:35 GMT"",""1"",""317"""
"1122170,""0xf9c68d2ba5946b433c6f7695b4b9308aa103a32d"","""",""Mon, 06 Sep 2021 23:06:35 GMT"",""1"",""192"""
"1122178,""0x37a736c761de3d6f210d45571f3e3ab49c435cec"","""",""Mon, 06 Sep 2021 23:06:55 GMT"",""1"",""257"""
"1122180,""0x3c681c68819a3fc886db15d286bed4bedc44865f"","""",""Mon, 06 Sep 2021 23:06:55 GMT"",""1"",""103"""
"1122187,""0xc5ac81d40273e02366b66dd1685bcb5b8569bc5a"","""",""Mon, 06 Sep 2021 23:07:10 GMT"",""1"",""7"""
"1122197,""0x2a1bbcdff7a047d82fc8829faa0d13a8d2cf1dbe"",""solfly.eth"",""Mon, 06 Sep 2021 23:07:40 GMT"",""1"",""1137"""
"1122210,""0xd7e1df3c6d6f974f2aed3d13cec917217c9a7187"",""poapy.eth"",""Mon, 06 Sep 2021 23:08:50 GMT"",""2"",""969"""
"1122232,""0x71f2d38223c275116e10fbb49f6be3f7db8182de"","""",""Mon, 06 Sep 2021 23:11:05 GMT"",""1"",""2"""
"1122234,""0xdde574edf9c9a588caae9fad5c5d0d0826d9557d"","""",""Mon, 06 Sep 2021 23:11:20 GMT"",""1"",""64"""
"1122238,""0x3c35efc7f1a55e74a97ec4e3355c757e5df8b497"",""suming.eth"",""Mon, 06 Sep 2021 23:11:50 GMT"",""1"",""210"""
"1122239,""0x6f3f2f33971a83bf504cdf0aaa6494c32ccca44f"","""",""Mon, 06 Sep 2021 23:11:55 GMT"",""1"",""85"""
"1122243,""0x64c8adbbe2ae94c57c9691c3c6546337940fe024"","""",""Mon, 06 Sep 2021 23:12:05 GMT"",""1"",""121"""
"1122244,""0xd4a70c2740855280cdf5781b79ba6b9fe6ffff36"","""",""Mon, 06 Sep 2021 23:12:15 GMT"",""1"",""176"""
"1122260,""0xda30b4a606fbaa909d58fe818e7c25b0e66100bf"","""",""Mon, 06 Sep 2021 23:13:05 GMT"",""1"",""19"""
"1122262,""0x333862afeaf3075d0dfbec3b4deb5f6b4b05b60e"","""",""Mon, 06 Sep 2021 23:13:20 GMT"",""1"",""136"""
"1122283,""0x3244c8e4f651d771aa0ca807ecc3dd29854252bc"","""",""Mon, 06 Sep 2021 23:14:30 GMT"",""1"",""214"""
"1122289,""0x1643727a568181aeac7e092960b62b42ce7df917"","""",""Mon, 06 Sep 2021 23:14:55 GMT"",""1"",""286"""
"1122299,""0x408ad87612f749ba3383503e6524e717d22a6145"","""",""Mon, 06 Sep 2021 23:15:30 GMT"",""1"",""21"""
"1122300,""0x9237b34a85ab33b5485ba760b496c53945114ccd"","""",""Mon, 06 Sep 2021 23:15:35 GMT"",""1"",""84"""
"1122344,""0xc79a3019c824e512bc7c6f2d64c0ccac5308a020"",""abceich588.eth"",""Mon, 06 Sep 2021 23:17:40 GMT"",""1"",""247"""
"1122347,""0xd4080c27f1948c471f4e67bf8e7763270873eeaa"","""",""Mon, 06 Sep 2021 23:17:50 GMT"",""1"",""11"""
"1122358,""0x43df75932e709b819b7cf15af73187d5e3821754"",""sunrain.eth"",""Mon, 06 Sep 2021 23:18:30 GMT"",""1"",""392"""
"1122366,""0xf0a8f80d7c7d9fc785643677cded198f76f3565b"","""",""Mon, 06 Sep 2021 23:18:55 GMT"",""1"",""31"""
"1122375,""0x95fc6da35cdb1ebf25c93f8ae259240a4ed7ae95"","""",""Mon, 06 Sep 2021 23:19:30 GMT"",""1"",""93"""
"1122378,""0xe626e8ca82603e3b44751f8562b5ed126d345140"",""tyevlag.eth"",""Mon, 06 Sep 2021 23:20:05 GMT"",""2"",""858"""
"1122383,""0x554333cb53e657f010a104c4e61bf4cc7db26f4c"","""",""Mon, 06 Sep 2021 23:20:25 GMT"",""1"",""838"""
"1122384,""0x889cb44823b35fc53dfc3a8b58a825beb6a737b5"",""bizhan.eth"",""Mon, 06 Sep 2021 23:20:40 GMT"",""1"",""103"""
"1122385,""0xad6f05857ebb5a330773ac6741be3c06b1af2cf0"","""",""Mon, 06 Sep 2021 23:20:40 GMT"",""1"",""243"""
"1122409,""0x8e469bfdf6f83f29871c4e1998a317a153043942"",""ftmcoin.eth"",""Mon, 06 Sep 2021 23:22:10 GMT"",""1"",""634"""
"1122417,""0x01fd07f5ef678283a4b0985c97834f9800b98e2d"","""",""Mon, 06 Sep 2021 23:22:40 GMT"",""1"",""90"""
"1122423,""0x17f0121356506feefcfecd3c367ac9f0085f330a"","""",""Mon, 06 Sep 2021 23:23:00 GMT"",""1"",""122"""
"1122424,""0x88df652d37d89a9cb3fe95d92ad8489ee54284fd"","""",""Mon, 06 Sep 2021 23:23:05 GMT"",""1"",""380"""
"1122427,""0x24ed96c93b9a1d893e681a1db6231c0cb5391d36"","""",""Mon, 06 Sep 2021 23:23:20 GMT"",""1"",""66"""
"1122431,""0x6f4a1526eb015f8530601ed76aa8017a2949ffcd"","""",""Mon, 06 Sep 2021 23:23:40 GMT"",""1"",""90"""
"1122454,""0x7125902f4c87c3aa7c846d9b4fe594ee55d52900"","""",""Mon, 06 Sep 2021 23:24:30 GMT"",""1"",""31"""
"1122469,""0x966469430c387aa6c1242f027efa9f320a818ea7"","""",""Mon, 06 Sep 2021 23:25:25 GMT"",""1"",""83"""
"1122498,""0x921a5245790e54cf8672009f134022461a974392"","""",""Mon, 06 Sep 2021 23:26:30 GMT"",""1"",""83"""
"1122523,""0xe4ca65bf6eb4465f59fa2e3efb61a24631bf5bab"","""",""Mon, 06 Sep 2021 23:28:05 GMT"",""1"",""55"""
"1122527,""0xe12f6458ebb30f2fcc3dcd9e7bd1beb15317f56c"","""",""Mon, 06 Sep 2021 23:28:15 GMT"",""1"",""222"""
"1122538,""0x193f6355dac06e9ecd2b2513942d7a5ddce275d5"","""",""Mon, 06 Sep 2021 23:28:55 GMT"",""1"",""74"""
"1122539,""0xcd2fe9179e2eb302515f20eccae04ac731268c8d"","""",""Mon, 06 Sep 2021 23:29:05 GMT"",""1"",""99"""
"1122548,""0xc70804e0ec03bcc6064a7339d0a341c454547437"","""",""Mon, 06 Sep 2021 23:29:35 GMT"",""1"",""558"""
"1122551,""0x501783e585936116220b5028c4c22dc9fdb991bc"",""lovebaby.eth"",""Mon, 06 Sep 2021 23:29:45 GMT"",""1"",""1105"""
"1122553,""0x95c00d2cf32edba4cfec2ef6086829942aad70a0"",""suoya.eth"",""Mon, 06 Sep 2021 23:29:50 GMT"",""1"",""124"""
"1122577,""0xbcd296fb0486976b8b8d6f1c45afb407633b5023"","""",""Mon, 06 Sep 2021 23:31:10 GMT"",""1"",""193"""
"1122578,""0x67de8288f4ce424d7af593efd0ff5f331184d31e"","""",""Mon, 06 Sep 2021 23:31:15 GMT"",""1"",""42"""
"1122582,""0x245d4aeeeb91d948826be12b9edc61aab6ded309"","""",""Mon, 06 Sep 2021 23:31:35 GMT"",""1"",""95"""
"1122589,""0x287567d112673812d64192896e88ec1e82f37771"","""",""Mon, 06 Sep 2021 23:31:55 GMT"",""1"",""260"""
"1122598,""0xbee6595e3d07c31602d972946d14f88d7687c111"",""heropunk.eth"",""Mon, 06 Sep 2021 23:32:20 GMT"",""1"",""166"""
"1122607,""0x970502bae28cc95cb5cb9bf9743b26cc34c8e08f"","""",""Mon, 06 Sep 2021 23:33:20 GMT"",""1"",""38"""
"1122608,""0xdbae38e984c42016f7bf05a1eaced1630ff00d06"","""",""Mon, 06 Sep 2021 23:33:30 GMT"",""1"",""239"""
"1122621,""0x95dbf875d86f2e54aabb35d8f27261da622b222e"","""",""Mon, 06 Sep 2021 23:34:10 GMT"",""1"",""105"""
"1122623,""0x2fbe2d8bb9db2350546a7baef814c660cee05e56"","""",""Mon, 06 Sep 2021 23:34:10 GMT"",""1"",""286"""
"1122625,""0x9d76e9392887fdced5d1675ff1c1649b9b3754c3"",""crazytime.eth"",""Mon, 06 Sep 2021 23:34:20 GMT"",""1"",""140"""
"1122626,""0x990548bb88e91de3d88339e61662b22ffde44079"","""",""Mon, 06 Sep 2021 23:34:20 GMT"",""1"",""74"""
"1122630,""0xf4f342ffb2122ec36ddc77ff5825ff8f430991a4"","""",""Mon, 06 Sep 2021 23:34:25 GMT"",""1"",""207"""
"1122639,""0x270f399505498d155dbd96b1d181f601ec32bf48"","""",""Mon, 06 Sep 2021 23:35:10 GMT"",""1"",""63"""
"1122644,""0x116a475c6fa1b6c39d2969019a041d4f5b4c4b6d"","""",""Mon, 06 Sep 2021 23:35:25 GMT"",""1"",""92"""
"1122650,""0xa5e5237977024ffc8daf9d60a85d57c6377d7ad5"",""lototo.eth"",""Mon, 06 Sep 2021 23:35:50 GMT"",""1"",""66"""
"1122651,""0xd1fc993d34318251f4d7517eac987ea4b49d0b25"","""",""Mon, 06 Sep 2021 23:35:55 GMT"",""1"",""325"""
"1122658,""0xba50e330daa05e866edd26335b139ff4fc836fbd"",""barmy.eth"",""Mon, 06 Sep 2021 23:36:20 GMT"",""1"",""131"""
"1122660,""0xb086e53f9789c26cffa4ff299555298965914e6c"","""",""Mon, 06 Sep 2021 23:36:25 GMT"",""1"",""101"""
"1122665,""0x193237297cca672740815de790847d9a3cd8d40c"","""",""Mon, 06 Sep 2021 23:36:35 GMT"",""1"",""221"""
"1122670,""0xb54035c3d26c530f42bb361418fada05bb5ac429"","""",""Mon, 06 Sep 2021 23:37:00 GMT"",""1"",""96"""
"1122674,""0x7105240b42425e93dca3b6fcb1d54e3f2df0ac40"","""",""Mon, 06 Sep 2021 23:37:00 GMT"",""1"",""64"""
"1122676,""0xf537bc51a04c8cd1207fee091f879485b1d7db66"","""",""Mon, 06 Sep 2021 23:37:05 GMT"",""1"",""56"""
"1122678,""0x67f49292656f8bc69df6475e2b606338cffe4cc0"",""gtcswap.eth"",""Mon, 06 Sep 2021 23:37:10 GMT"",""1"",""248"""
"1122688,""0x3c3f32890f1640bb7dd62409e7f790906a7688ff"","""",""Mon, 06 Sep 2021 23:38:30 GMT"",""1"",""55"""
"1122692,""0x2d11464f835e98888d18f0768e8ffac7365a49ee"","""",""Mon, 06 Sep 2021 23:38:35 GMT"",""1"",""19"""
"1122697,""0x9ed737cd913b5b2b0db04292695b0a05b4645006"","""",""Mon, 06 Sep 2021 23:39:00 GMT"",""1"",""13"""
"1122699,""0x12ee02ead28d6a3609f3a8ba6f58a93bf8738bcc"","""",""Mon, 06 Sep 2021 23:39:10 GMT"",""1"",""107"""
"1122703,""0xc197307108ad7ac8bf10f3cfe8f67d91322d0305"","""",""Mon, 06 Sep 2021 23:39:15 GMT"",""1"",""67"""
"1122706,""0x0aee7893ca0387cfab680e402f325e995712fff4"",""yooshi.eth"",""Mon, 06 Sep 2021 23:39:35 GMT"",""1"",""622"""
"1122715,""0x7009c32d24a51d371839f8d476f0aa1051001edd"","""",""Mon, 06 Sep 2021 23:40:05 GMT"",""1"",""17"""
"1122718,""0x8e6d78f0639970e7aba5fbeb4fd4b6d72cc09dd1"","""",""Mon, 06 Sep 2021 23:40:10 GMT"",""1"",""6"""
"1122720,""0xdb1d3124d362ee43bf95aeab62bf2dbd9d8bd130"","""",""Mon, 06 Sep 2021 23:40:15 GMT"",""1"",""55"""
"1122724,""0x204e8c02a1f3ae2ad947758e206f96e6dfb60201"","""",""Mon, 06 Sep 2021 23:40:35 GMT"",""1"",""68"""
"1122736,""0xa108e54716ddf9c95fd868ffff581bbfbd9f12c5"","""",""Mon, 06 Sep 2021 23:40:55 GMT"",""1"",""14"""
"1122745,""0xe6644ab43e54823599267b8b74defb1c4b3f2229"","""",""Mon, 06 Sep 2021 23:41:15 GMT"",""1"",""204"""
"1122755,""0x06cbda490e96c746234e225f3ed9b06c0e3e14f9"",""thebinancenft.eth"",""Mon, 06 Sep 2021 23:41:45 GMT"",""1"",""419"""
"1122762,""0xea906e8f21d11f923b56f70c1d193c1c1f6b9556"","""",""Mon, 06 Sep 2021 23:42:10 GMT"",""1"",""130"""
"1122767,""0xe1bbcee8510198279e40dbf36ea954d79bbe9e8d"",""20190211.eth"",""Mon, 06 Sep 2021 23:42:25 GMT"",""1"",""324"""
"1122775,""0x28660ee251150544267bd8363161b21740e6d682"","""",""Mon, 06 Sep 2021 23:42:45 GMT"",""1"",""164"""
"1122777,""0x23043538ff159bdcab0f81e06864896f6381f8d4"","""",""Mon, 06 Sep 2021 23:43:00 GMT"",""1"",""70"""
"1122779,""0xeedc0ecd7189d2d4d9a6b41e3acad869f8da9c7a"","""",""Mon, 06 Sep 2021 23:43:00 GMT"",""1"",""162"""
"1122781,""0xb3f10190d79356c9da34ce3cf5c4da421f6db22c"","""",""Mon, 06 Sep 2021 23:43:00 GMT"",""1"",""8"""
"1122788,""0x028a9d6c53b9388260474435e6781c8237adf1fe"","""",""Mon, 06 Sep 2021 23:43:20 GMT"",""1"",""80"""
"1122795,""0x1b1d74f310dc1bbab6f21771f9755fea3b892af0"","""",""Mon, 06 Sep 2021 23:43:35 GMT"",""1"",""197"""
"1122800,""0xc6a989cf5b1787ef3b02c77136872e7d99c0473f"","""",""Mon, 06 Sep 2021 23:43:50 GMT"",""1"",""270"""
"1122807,""0x12d873546ddbc1354efeba5b5fcd4beb503b35db"","""",""Mon, 06 Sep 2021 23:44:00 GMT"",""1"",""189"""
"1122820,""0x21431f1065663ce883f5157eddb6f2fd9df66451"",""eth02.eth"",""Mon, 06 Sep 2021 23:45:00 GMT"",""1"",""32"""
"1122827,""0x113fbef601dfc1aba6a5c33a9ebb351337757bcd"","""",""Mon, 06 Sep 2021 23:45:25 GMT"",""1"",""137"""
"1122832,""0xc1c8fad6f9f3c9be7a11924c28c0545148293993"","""",""Mon, 06 Sep 2021 23:45:40 GMT"",""1"",""108"""
"1122833,""0x8db334920cc39d6a426db0b5394f493e58a9867e"","""",""Mon, 06 Sep 2021 23:45:45 GMT"",""1"",""5"""
"1122840,""0x35ed01d7a947b5d58f0c5bb5a6a4be7064dd315b"","""",""Mon, 06 Sep 2021 23:46:20 GMT"",""1"",""6"""
"1122844,""0xd62f872267093d50906bb6de7148aabf7b318a5e"","""",""Mon, 06 Sep 2021 23:46:40 GMT"",""1"",""170"""
"1122845,""0x28bf0850d3922abc25e6ab8c8e9c74826a26a0c9"","""",""Mon, 06 Sep 2021 23:46:40 GMT"",""1"",""62"""
"1122848,""0xab3a82c3b116e6eb82fca87c4ef432d859d856d8"",""huahuashao.eth"",""Mon, 06 Sep 2021 23:47:40 GMT"",""1"",""135"""
"1122861,""0x10d980858af2ebb6b715dc6f6c59f6e2f1b60022"","""",""Mon, 06 Sep 2021 23:49:05 GMT"",""1"",""5"""
"1122862,""0x514784b87f6a321bcf95bd31e6b4f794f7a5bfea"","""",""Mon, 06 Sep 2021 23:49:15 GMT"",""1"",""41"""
"1122866,""0x7787dc760549fcc451922b8f1b3c3e664f811f7a"","""",""Mon, 06 Sep 2021 23:49:30 GMT"",""1"",""33"""
"1122869,""0x8504a09352555ff1acf9c8a8d9fb5fdcc4161cbc"",""abcabc.eth"",""Mon, 06 Sep 2021 23:49:40 GMT"",""1"",""1459"""
"1122873,""0xbf003ee9770ff506a4157db765564142c794026a"","""",""Mon, 06 Sep 2021 23:49:55 GMT"",""1"",""160"""
"1122875,""0x97b63bca7b05c780f0c2c79e5d11abccf687c36e"","""",""Mon, 06 Sep 2021 23:50:10 GMT"",""1"",""62"""
"1122877,""0xf781babe5d9fa45af749d016b6445bf142fde11f"","""",""Mon, 06 Sep 2021 23:50:20 GMT"",""1"",""161"""
"1122890,""0xcd6991430ae3edc291a5126e1febb81a0916665e"","""",""Mon, 06 Sep 2021 23:51:15 GMT"",""1"",""51"""
"1122895,""0x1cbb6bad61833f5df48d674102db8d4f618a652b"","""",""Mon, 06 Sep 2021 23:51:35 GMT"",""1"",""34"""
"1122896,""0x2f325038d7a19817b463a2b5f48095b3eb7286e8"","""",""Mon, 06 Sep 2021 23:51:35 GMT"",""1"",""4"""
"1122901,""0x9e490445a8323d04641e5a8dfc8f23560f86c797"","""",""Mon, 06 Sep 2021 23:52:00 GMT"",""1"",""253"""
"1122902,""0x06f588f2ee30f6590efcf407c83989aea6d9b1a4"","""",""Mon, 06 Sep 2021 23:52:05 GMT"",""1"",""5"""
"1122903,""0x2f293a6ab7b28722650f604d20ce9925fa827c31"","""",""Mon, 06 Sep 2021 23:52:20 GMT"",""1"",""13"""
"1122908,""0xc8cd1567acfabfcbecc76776cd92e0b95fb3a806"",""makima.eth"",""Mon, 06 Sep 2021 23:52:50 GMT"",""1"",""46"""
"1122918,""0xa6e0b4f1f17f3359ca13ab6974dc977fcf0249b3"","""",""Mon, 06 Sep 2021 23:53:35 GMT"",""1"",""9"""
"1122919,""0x1072bc6f118df70bcd47222f979407571b28377d"","""",""Mon, 06 Sep 2021 23:53:40 GMT"",""1"",""28"""
"1122924,""0xc9ec52a07e5416461a986f4b6cffbcff23146e28"","""",""Mon, 06 Sep 2021 23:54:05 GMT"",""1"",""157"""
"1122929,""0x1caab6b8ab6444c467a1edbb3e7114f85c4168f9"","""",""Mon, 06 Sep 2021 23:54:30 GMT"",""1"",""8"""
"1122932,""0xb08c86a1e1dbcd27b5130f824e252410297599db"","""",""Mon, 06 Sep 2021 23:54:40 GMT"",""1"",""4"""
"1122934,""0x61323c5c6696fde1d334fee5f49f1fac8781d0cf"",""996icu.eth"",""Mon, 06 Sep 2021 23:54:40 GMT"",""1"",""1388"""
"1122936,""0x16d05b329be2ca410e832f4b3fffeabbc847b679"","""",""Mon, 06 Sep 2021 23:55:00 GMT"",""1"",""29"""
"1122938,""0x082f2a8ea1d8e3ee24c20d12452b7e851ad0d5dd"","""",""Mon, 06 Sep 2021 23:55:10 GMT"",""1"",""415"""
"1122948,""0x2c86cdea711ea8c650c3939b4e7690ebb12d5fd2"","""",""Mon, 06 Sep 2021 23:55:40 GMT"",""1"",""537"""
"1122951,""0xd5d9c14ada148afb0ba7b82f29f3571a5466b3b3"","""",""Mon, 06 Sep 2021 23:55:45 GMT"",""1"",""75"""
"1122954,""0x69ec3a9ee338e0cf58a46f4a890d255b9cca5a5a"","""",""Mon, 06 Sep 2021 23:55:55 GMT"",""1"",""78"""
"1122955,""0xa76c20fc7e986839b77e7fa14c4246186ccc4e5b"","""",""Mon, 06 Sep 2021 23:55:55 GMT"",""1"",""61"""
"1122956,""0xabc42ca4eab3c98543c1c15ca89280888ba6109d"","""",""Mon, 06 Sep 2021 23:56:00 GMT"",""1"",""4"""
"1122976,""0x7c6e45dc58bac906e9e4c7cc143544f99081bc62"","""",""Mon, 06 Sep 2021 23:56:30 GMT"",""1"",""26"""
"1122984,""0x086bca4a2f739e14db0b9e8df171886388039016"","""",""Mon, 06 Sep 2021 23:57:00 GMT"",""1"",""124"""
"1122987,""0xfb7d844a6b032ed3d14eda58752b6d34d9f0ca0a"","""",""Mon, 06 Sep 2021 23:57:05 GMT"",""1"",""44"""
"1122988,""0x29187fc68253f266d4f334a7347f09a260bfeadc"","""",""Mon, 06 Sep 2021 23:57:15 GMT"",""1"",""74"""
"1122990,""0xbaf3cbbe965878bf5df0392bc67161f2ef7971d7"","""",""Mon, 06 Sep 2021 23:57:15 GMT"",""1"",""4"""
"1122995,""0x19662e2195cb8e3ef372f43c540c6c6edcc3f2d9"","""",""Mon, 06 Sep 2021 23:57:40 GMT"",""1"",""94"""
"1122998,""0x5e745aace240dffa2358c2b47f3eff4a3a85e12b"",""cj8828rabbit.eth"",""Mon, 06 Sep 2021 23:57:45 GMT"",""1"",""108"""
"1123005,""0xdeaef36fa8a391fa09a4b5f8ba67a655435cf07e"","""",""Mon, 06 Sep 2021 23:58:05 GMT"",""1"",""513"""
"1123008,""0xcbd90cbd7a57c4c1f8522653170022fcc67313e5"","""",""Mon, 06 Sep 2021 23:58:15 GMT"",""1"",""195"""
"1123013,""0xd5a089235bf8c6cf008b414c8853273d6ea07191"","""",""Mon, 06 Sep 2021 23:58:20 GMT"",""1"",""402"""
"1123014,""0x07483c66f26528817613c6eb3767e878c33e73cb"","""",""Mon, 06 Sep 2021 23:58:20 GMT"",""1"",""136"""
"1123018,""0x1fec270a99d3fe65156fe4cb3a1c3b548a4e239d"","""",""Mon, 06 Sep 2021 23:58:35 GMT"",""1"",""37"""
"1123097,""0xcf0fb4d249b8c2f17dd805ac2b6f28ffc3d0049c"",""bsklwd2.eth"",""Tue, 07 Sep 2021 00:03:45 GMT"",""1"",""195"""
"1123102,""0xdc6302b00330bfb2517b6e47d9fbc384ddb432e7"","""",""Tue, 07 Sep 2021 00:04:00 GMT"",""1"",""85"""
"1123103,""0xa954dae3ef1b6c0ad64d5e24cb09cf214ce9ca12"","""",""Tue, 07 Sep 2021 00:04:10 GMT"",""1"",""20"""
"1123108,""0x3bc5d06da7afa130ecf6616dc6f4588c98328981"","""",""Tue, 07 Sep 2021 00:04:25 GMT"",""1"",""33"""
"1123121,""0x3ab033ee6cc512dd1aa111a6c52af2c99977aa24"","""",""Tue, 07 Sep 2021 00:05:20 GMT"",""1"",""29"""
"1123128,""0x4d3d8479391a3d509479304fc9ce219da434d980"","""",""Tue, 07 Sep 2021 00:05:55 GMT"",""1"",""18"""
"1123130,""0xb5de25c7a0b56234007c413d2e91698d1e622a1c"","""",""Tue, 07 Sep 2021 00:05:55 GMT"",""1"",""22"""
"1123133,""0x5814cf12f8daee2b2c3a11d8470b355fa8497baf"","""",""Tue, 07 Sep 2021 00:06:10 GMT"",""1"",""29"""
"1123137,""0xf7243c8304150b541256bc87c4b1d0ded3ea91e4"","""",""Tue, 07 Sep 2021 00:06:20 GMT"",""1"",""212"""
"1123139,""0x273417b7570425ae6969f71d87c510265d681151"","""",""Tue, 07 Sep 2021 00:06:30 GMT"",""1"",""652"""
"1123142,""0xbf277a67adc411b86553410b5ae0dc5df1027f01"","""",""Tue, 07 Sep 2021 00:06:35 GMT"",""1"",""148"""
"1123145,""0x982be8bbac59ed7e9064b23fcfee38ca909c06cc"","""",""Tue, 07 Sep 2021 00:06:50 GMT"",""1"",""406"""
"1123150,""0x49197d1f41e00d26ea870763324043c90f12a017"","""",""Tue, 07 Sep 2021 00:07:05 GMT"",""1"",""49"""
"1123151,""0x81e7ced2570e830a97cac2cc00106d5145b08241"","""",""Tue, 07 Sep 2021 00:07:05 GMT"",""1"",""26"""
"1123157,""0x78328f0e9cfa7cf4e8e692a504c0e4cf4d27ad1d"","""",""Tue, 07 Sep 2021 00:07:15 GMT"",""1"",""1"""
"1123159,""0x79fa7d8444422f3c694e25fbd615b2cb11f040bd"","""",""Tue, 07 Sep 2021 00:07:25 GMT"",""1"",""19"""
"1123167,""0x5a5cdad2766be37ee49ad84982f2dfbd42cf5c88"","""",""Tue, 07 Sep 2021 00:07:45 GMT"",""1"",""123"""
"1123168,""0x2d99f4576c04da83a0cf7d408e71fc5267c043df"","""",""Tue, 07 Sep 2021 00:07:50 GMT"",""1"",""27"""
"1123173,""0xdb19b331d9b465755ba03339b9e856bb3bc87478"","""",""Tue, 07 Sep 2021 00:08:00 GMT"",""1"",""208"""
"1123175,""0x3cfaadda9248c35d972249afcbc4b0aca557c996"",""bih.ethster.eth"",""Tue, 07 Sep 2021 00:08:05 GMT"",""1"",""158"""
"1123181,""0x22c4d634d63aba6a6cc30961e8c4adafc63a2af5"",""19nice.eth"",""Tue, 07 Sep 2021 00:08:20 GMT"",""1"",""80"""
"1123184,""0x451290052030401e5ebf4be5719797b3014e90d1"","""",""Tue, 07 Sep 2021 00:08:35 GMT"",""1"",""80"""
"1123186,""0xd4f4e44a73fc31dc2395f65e7caebea4a3ca5314"","""",""Tue, 07 Sep 2021 00:08:40 GMT"",""1"",""27"""
"1123189,""0x57748ecb251f2ec36027bf8b7b2c13b69b8e5222"",""binancezh.eth"",""Tue, 07 Sep 2021 00:08:45 GMT"",""1"",""101"""
"1123194,""0xb661fd5aef0d853f4855242264d4b73ced072641"","""",""Tue, 07 Sep 2021 00:08:50 GMT"",""1"",""16"""
"1123197,""0x5203d4a87d2e2da9d632cc2e2e1f9dc995a437e3"","""",""Tue, 07 Sep 2021 00:09:05 GMT"",""1"",""3"""
"1123201,""0xd4ef1aa497a13118d3874b65472d3f7f613f0fc9"",""xm519.eth"",""Tue, 07 Sep 2021 00:09:10 GMT"",""1"",""47"""
"1123207,""0x2b58c475f9917be368e153cf489e2310e3934d29"",""chauzeixt.eth"",""Tue, 07 Sep 2021 00:09:25 GMT"",""1"",""106"""
"1123208,""0xd01d71a5765de0657e2b1362caef10c5f5485c56"","""",""Tue, 07 Sep 2021 00:09:30 GMT"",""1"",""27"""
"1123209,""0xb6106f0b7c155f021030b142937644b68f08808c"","""",""Tue, 07 Sep 2021 00:09:35 GMT"",""1"",""170"""
"1123218,""0x8ddc6411349e139435395e92ce26763d878035b3"",""xiangjiao.eth"",""Tue, 07 Sep 2021 00:10:10 GMT"",""1"",""109"""
"1123219,""0x21a7600cdf574049622fb251ba7c80c75f7f7756"","""",""Tue, 07 Sep 2021 00:10:15 GMT"",""1"",""28"""
"1123221,""0x0fa12aa74fd010ba3b31847a229c59ce720f5881"","""",""Tue, 07 Sep 2021 00:10:20 GMT"",""1"",""231"""
"1123224,""0xcb1c1c8f17e7e724fd588f66f72c6009a136880b"","""",""Tue, 07 Sep 2021 00:10:20 GMT"",""1"",""17"""
"1123227,""0x2013fe77b3273031b4efb184dbb5da0e04d043eb"","""",""Tue, 07 Sep 2021 00:10:25 GMT"",""1"",""103"""
"1123228,""0xbc2b401780f597b3c879ffde99fc9753340d3c92"","""",""Tue, 07 Sep 2021 00:10:30 GMT"",""1"",""21"""
"1123231,""0x3b9288ba5dcc2051b1cd243bbaeddec8149ec50c"","""",""Tue, 07 Sep 2021 00:10:35 GMT"",""1"",""249"""
"1123236,""0x61a318fad428e6dca6ad2c9bb28cd0e26571388b"","""",""Tue, 07 Sep 2021 00:10:50 GMT"",""1"",""3"""
"1123335,""0x99dd5a3f9e0027a2d5f1be8580b34b6d36bfc1e8"","""",""Tue, 07 Sep 2021 00:18:10 GMT"",""1"",""1"""
"1123343,""0x2a10216181c16a3bbf32d684e6364fca37d3e3e7"","""",""Tue, 07 Sep 2021 00:18:40 GMT"",""1"",""323"""
"1123348,""0x6caf762f38f12d3e0bc7f16af10dab5a7cda3e73"","""",""Tue, 07 Sep 2021 00:18:50 GMT"",""1"",""132"""
"1123352,""0x563b149c40b798abb7a41455c6b8f32aeefb990a"","""",""Tue, 07 Sep 2021 00:19:05 GMT"",""1"",""244"""
"1123354,""0xdbe6ceb7988b6c32113fbd8f5f98c12fb4ef1ea4"","""",""Tue, 07 Sep 2021 00:19:05 GMT"",""1"",""135"""
"1123357,""0xf603aff11258e65bca440adbfcb7305e2df3ac48"","""",""Tue, 07 Sep 2021 00:19:15 GMT"",""1"",""144"""
"1123361,""0x2438d3b0e481346003bdc816215b8c34dd7cccc1"","""",""Tue, 07 Sep 2021 00:19:25 GMT"",""1"",""70"""
"1123364,""0xf405f54b7c4eefcbe78d08f9ef77ab71d79b3623"","""",""Tue, 07 Sep 2021 00:19:30 GMT"",""1"",""1"""
"1123368,""0x1a44b9a331d2ae0f1e22ebcd7c7d22a6bd45a4e7"","""",""Tue, 07 Sep 2021 00:19:45 GMT"",""1"",""16"""
"1123373,""0x7a9cdb033cca7d24f48ed79242986ef2ea0cf4db"",""v-eth666.eth"",""Tue, 07 Sep 2021 00:19:55 GMT"",""1"",""108"""
"1123379,""0xf076598d1c7a5ce6806731913adf82ad328078a5"","""",""Tue, 07 Sep 2021 00:20:15 GMT"",""1"",""51"""
"1123380,""0x7168c9630b37a203ac68c9ab1b821f22e6e71005"","""",""Tue, 07 Sep 2021 00:20:15 GMT"",""1"",""18"""
"1123382,""0x04b7e1c5ec55787e2f7b3b9871ba22309a3e4ba0"","""",""Tue, 07 Sep 2021 00:20:20 GMT"",""1"",""11"""
"1123383,""0xb0da6dc33b0ebbcf216a3ba01b9ee9e6bfd847b9"","""",""Tue, 07 Sep 2021 00:20:20 GMT"",""1"",""12"""
"1123384,""0x99cc272f3921b28b99c5ff7ca932cbb2878bb56b"","""",""Tue, 07 Sep 2021 00:20:20 GMT"",""1"",""16"""
"1123385,""0xc65fae385facc29502c0e39204e1a5c5146fc52c"","""",""Tue, 07 Sep 2021 00:20:20 GMT"",""1"",""14"""
"1123386,""0x55866c1fa489d2d1150d27e76c3564b1a4b32343"","""",""Tue, 07 Sep 2021 00:20:40 GMT"",""1"",""239"""
"1123388,""0x907156d38e181f65d4d4f48099ce15bb8d2ff067"","""",""Tue, 07 Sep 2021 00:20:40 GMT"",""1"",""175"""
"1123389,""0xe75f57106ec81ce77a845537e313852a9e909373"","""",""Tue, 07 Sep 2021 00:20:40 GMT"",""1"",""10"""
"1123392,""0xdccddb7432b7371745233410c943f4882df07937"",""cfwan.eth"",""Tue, 07 Sep 2021 00:20:40 GMT"",""1"",""504"""
"1123393,""0xb9dfba1e600d1f42918c9305d8ee2f9feb9946c7"","""",""Tue, 07 Sep 2021 00:20:45 GMT"",""1"",""9"""
"1123394,""0xda5b7f6d7c32dbc04e3ea7e0e9b1eed6342275b1"",""apper.eth"",""Tue, 07 Sep 2021 00:20:45 GMT"",""1"",""560"""
"1123395,""0x1baa58b014bfca125f1f0f1cc4ba91a279a7f679"","""",""Tue, 07 Sep 2021 00:20:45 GMT"",""1"",""19"""
"1123405,""0xb6531281687a692c8764ae4a69eed7db80533ef8"","""",""Tue, 07 Sep 2021 00:21:05 GMT"",""1"",""19"""
"1123418,""0x4a9d3df36f0043d45cf68c08ed9bbe671dcbc6d6"","""",""Tue, 07 Sep 2021 00:22:05 GMT"",""1"",""24"""
"1123425,""0xd7b1d6a7f71a9658a41b6d918ac89d8ff849d9f0"","""",""Tue, 07 Sep 2021 00:22:25 GMT"",""1"",""231"""
"1123427,""0x206a6dbaaa7d3a9e7ac8b57c22178823fbdd399e"","""",""Tue, 07 Sep 2021 00:22:30 GMT"",""1"",""280"""
"1123433,""0x1c4ed726ef86c289db4ae649fdf001414ce57202"","""",""Tue, 07 Sep 2021 00:22:55 GMT"",""1"",""1"""
"1123443,""0x22fd5dce8819d58225d4997f1ae3655886048441"","""",""Tue, 07 Sep 2021 00:23:10 GMT"",""1"",""10"""
"1123445,""0xca0052dab7f2eceb808ae3fd5d774855664e595b"","""",""Tue, 07 Sep 2021 00:23:25 GMT"",""1"",""171"""
"1123448,""0xbf06b8c84d77700b49e7f9c9fc86b393286c44ff"","""",""Tue, 07 Sep 2021 00:23:35 GMT"",""1"",""1"""
"1123450,""0x49bc2e5322bb90a4306874645a523d9e5ea65f81"","""",""Tue, 07 Sep 2021 00:23:35 GMT"",""1"",""946"""
"1123457,""0x4c4c77a1827baef24ee39a76b373b2f0cd786192"","""",""Tue, 07 Sep 2021 00:23:50 GMT"",""1"",""49"""
"1123462,""0x4a533a7c2cdc6173eb425454b5a1f5e3e7a55556"","""",""Tue, 07 Sep 2021 00:23:55 GMT"",""1"",""166"""
"1123469,""0x667049c594a05cd42b050cd639dd0121bf4f78ae"","""",""Tue, 07 Sep 2021 00:24:10 GMT"",""1"",""49"""
"1123484,""0xc474f204f8f5567fc65657a4c839e94401a3d89f"","""",""Tue, 07 Sep 2021 00:24:30 GMT"",""1"",""8"""
"1123499,""0x384dacaf9a7c9bf52a5fda6bda54039638e1b608"","""",""Tue, 07 Sep 2021 00:24:50 GMT"",""1"",""14"""
"1123512,""0x245d36468411a0a00c9f6071ba84936cab11ee6a"","""",""Tue, 07 Sep 2021 00:25:10 GMT"",""1"",""18"""
"1123521,""0x04cbc040c190d098fc68baf091b0b68feac99352"","""",""Tue, 07 Sep 2021 00:25:30 GMT"",""1"",""53"""
"1123522,""0x6dc6893ce2a43f47adefca8590a6f230ef2613eb"","""",""Tue, 07 Sep 2021 00:25:30 GMT"",""1"",""39"""
"1123537,""0x356d9027d55f928a0f53ac349ae7cd204c3f72bb"","""",""Tue, 07 Sep 2021 00:26:00 GMT"",""1"",""67"""
"1123538,""0xb8544ecfcd676ee237a2e11a24b78c10886701f0"","""",""Tue, 07 Sep 2021 00:26:05 GMT"",""1"",""97"""
"1123539,""0xa6ebce674cd5b84df4346031492541944062bf84"","""",""Tue, 07 Sep 2021 00:26:05 GMT"",""1"",""15"""
"1123546,""0x1fb060549c084f8b75f4a5ddeed09d20646a8df8"","""",""Tue, 07 Sep 2021 00:26:15 GMT"",""1"",""25"""
"1123562,""0xb41d22eef83fcd5c486143436c81ec92b83e7d5d"","""",""Tue, 07 Sep 2021 00:26:55 GMT"",""1"",""43"""
"1123566,""0x1e2e660c8edec656d51bc5340fd3a8d24d7b9d10"","""",""Tue, 07 Sep 2021 00:27:00 GMT"",""1"",""40"""
"1123571,""0x0b49f8f8ec743b76fea08b4c8f3077f7ffe1a0fd"","""",""Tue, 07 Sep 2021 00:27:10 GMT"",""1"",""256"""
"1123574,""0x5c63b361cd0476d3706e1064b112f671de0dc23f"",""tonylove.eth"",""Tue, 07 Sep 2021 00:27:20 GMT"",""1"",""1010"""
"1123581,""0x71aca8bc2d7084a188292721da38179e994e0533"","""",""Tue, 07 Sep 2021 00:27:25 GMT"",""1"",""91"""
"1123583,""0xbd153dc8c659cf11604e3215a9e96b34bba0b699"","""",""Tue, 07 Sep 2021 00:27:25 GMT"",""1"",""120"""
"1123592,""0xb67a8c188f36b6393a50926a65cdc0a9afeccf78"","""",""Tue, 07 Sep 2021 00:27:40 GMT"",""1"",""165"""
"1123598,""0x179b678cb4327089f48e408c7b3421c58bf860f5"","""",""Tue, 07 Sep 2021 00:27:55 GMT"",""1"",""1"""
"1123599,""0x45a667e45a4f950fd583e69feaba91c8e4ac0452"","""",""Tue, 07 Sep 2021 00:27:55 GMT"",""1"",""14"""
"1123600,""0x746b8609724cfe9386c4d2a3ee3dcb00a0eef3cf"","""",""Tue, 07 Sep 2021 00:27:55 GMT"",""1"",""183"""
"1123603,""0x555e89e8151422676b93b0cbacd8d428230dba8d"","""",""Tue, 07 Sep 2021 00:28:05 GMT"",""1"",""74"""
"1123606,""0x0fc739a2a3d9e4358dc5621ff59504840fd8d826"","""",""Tue, 07 Sep 2021 00:28:10 GMT"",""1"",""128"""
"1123609,""0x8b5c91735a76680b2cf6eb29da293ce1d06710eb"","""",""Tue, 07 Sep 2021 00:28:10 GMT"",""1"",""11"""
"1123619,""0x9300d75ca54a320069bcd09d518e42e0be0380fa"","""",""Tue, 07 Sep 2021 00:28:30 GMT"",""1"",""128"""
"1123628,""0xa41fb714011629c6bb587f39d8e0c318602b9039"","""",""Tue, 07 Sep 2021 00:28:45 GMT"",""1"",""135"""
"1123635,""0xdac3d5bee26aeeca8866f21d14e023bf9d7396af"","""",""Tue, 07 Sep 2021 00:28:55 GMT"",""1"",""1"""
"1123637,""0xb77ffdaa8a109cc04630fa99e145d24c7c96e8fe"","""",""Tue, 07 Sep 2021 00:28:55 GMT"",""1"",""58"""
"1123655,""0x90e240c2101fd8f1b2a1e863ff0c8f0278b22f77"","""",""Tue, 07 Sep 2021 00:29:20 GMT"",""1"",""16"""
"1123656,""0xa2fbcefa58d2fa7a96838eef4e8b76c4a6afe73c"","""",""Tue, 07 Sep 2021 00:29:25 GMT"",""1"",""154"""
"1123659,""0x59ee238f9ce5ca59bbbcc0f978c6b292c2705e18"","""",""Tue, 07 Sep 2021 00:29:30 GMT"",""1"",""5"""
"1123661,""0x16888860e7e9906d4099098dfbf3489b114e5cb4"","""",""Tue, 07 Sep 2021 00:29:30 GMT"",""2"",""1995"""
"1123680,""0x280262a3be1e222661a381dd84e28939950ea52c"","""",""Tue, 07 Sep 2021 00:30:00 GMT"",""2"",""208"""
"1123683,""0xba4447665971f0edb0f970958a005289ba385fa6"","""",""Tue, 07 Sep 2021 00:30:10 GMT"",""1"",""54"""
"1123684,""0x34a493112c353f5c009df7311b8db5073a584c00"","""",""Tue, 07 Sep 2021 00:30:10 GMT"",""1"",""253"""
"1123685,""0x3420c19bcd121e6febcc20fd502b14a71c2f857b"",""dadeva.eth"",""Tue, 07 Sep 2021 00:30:10 GMT"",""1"",""525"""
"1123698,""0x93588b843ee04a655aaf7bbac0448d76ba6c058d"","""",""Tue, 07 Sep 2021 00:30:35 GMT"",""1"",""120"""
"1123702,""0x696d181a7961ee66c42f1ebeddc0b48b106c45ad"",""vicky77.eth"",""Tue, 07 Sep 2021 00:30:40 GMT"",""1"",""360"""
"1123707,""0xfc442dd2a1d1f61867406bbff682e33cb0da1ecc"",""maupassant.eth"",""Tue, 07 Sep 2021 00:30:50 GMT"",""1"",""229"""
"1123712,""0x299e6717bda29b742bceb3eb3ac36eba9ad9ab31"",""xihari.eth"",""Tue, 07 Sep 2021 00:31:00 GMT"",""1"",""179"""
"1123720,""0xfc053b5af97563840248c7147c1eb76060e1636c"","""",""Tue, 07 Sep 2021 00:31:15 GMT"",""1"",""366"""
"1123722,""0xb0121356f3455675f5d804671257bc300b6c6f8d"","""",""Tue, 07 Sep 2021 00:31:15 GMT"",""1"",""224"""
"1123723,""0x04a6b171582bf89567aa91780db5ad2479fc383c"","""",""Tue, 07 Sep 2021 00:31:20 GMT"",""1"",""381"""
"1123727,""0x113af2d2c476f0c633c825b2a81b489c17788004"","""",""Tue, 07 Sep 2021 00:31:25 GMT"",""1"",""130"""
"1123728,""0x14531c85f26265e5b6cae2b87ed165e36cfe5dfb"","""",""Tue, 07 Sep 2021 00:31:25 GMT"",""1"",""74"""
"1123745,""0x994cc0d2ede28e5550b0200fcd27b68cda297332"","""",""Tue, 07 Sep 2021 00:31:55 GMT"",""1"",""14"""
"1123757,""0x64b5f9dd6f23269b966a4c3717e150a6dd264851"","""",""Tue, 07 Sep 2021 00:32:10 GMT"",""1"",""282"""
"1123774,""0xe20ac7c5241f935416c95048dc2c473839ad2e08"","""",""Tue, 07 Sep 2021 00:32:40 GMT"",""1"",""17"""
"1123777,""0x2b3b4605a963de417dad2ad7260eab000fea31dc"","""",""Tue, 07 Sep 2021 00:32:45 GMT"",""1"",""10"""
"1123779,""0x5df3d7240da0f8ec774031aa11a39f6dc6286b75"","""",""Tue, 07 Sep 2021 00:32:50 GMT"",""1"",""170"""
"1123781,""0xfa8234f381095c487f3ef7d66146fcf816a6c9e8"","""",""Tue, 07 Sep 2021 00:32:50 GMT"",""1"",""10"""
"1123822,""0x83c97c38bf983b60986c57944e973b55db5cace8"","""",""Tue, 07 Sep 2021 00:33:25 GMT"",""1"",""13"""
"1123826,""0x91f7c7dc5a44276482c102178fe1d620b397c276"",""feivv.eth"",""Tue, 07 Sep 2021 00:33:30 GMT"",""1"",""256"""
"1123964,""0x5cdb2add6751885ce36266021294661043e30382"",""blockmax.eth"",""Tue, 07 Sep 2021 00:39:45 GMT"",""1"",""60"""
"1123970,""0xfba4b31d00d96b955ff75dcab8ef8087d5a75b0b"","""",""Tue, 07 Sep 2021 00:40:00 GMT"",""1"",""75"""
"1123977,""0x4ab86ea57cf7094d4e73ed22f8d5c972e8528df5"","""",""Tue, 07 Sep 2021 00:40:05 GMT"",""1"",""362"""
"1123978,""0xe2d624d582f8b0b3cc546e148cf680a3aaea8af4"","""",""Tue, 07 Sep 2021 00:40:10 GMT"",""1"",""89"""
"1123985,""0x5edf4c06ffbe9a4b4fdf6c1545e9a3a18f5160ba"","""",""Tue, 07 Sep 2021 00:40:25 GMT"",""1"",""17"""
"1123992,""0xcf7601729934d6a4000d5bfb4e99f33422cb7aa3"","""",""Tue, 07 Sep 2021 00:40:40 GMT"",""1"",""101"""
"1123993,""0x8d27375eda4963a95a7d1851e92d04b9788f79ea"","""",""Tue, 07 Sep 2021 00:40:40 GMT"",""1"",""88"""
"1124029,""0x4752336751fa80b39a780d386cec77167467c915"",""wfxl8768.eth"",""Tue, 07 Sep 2021 00:42:05 GMT"",""1"",""23"""
"1124042,""0x64ed798adbe3b91b9b497e9ed34d4eca41f8892c"","""",""Tue, 07 Sep 2021 00:42:45 GMT"",""1"",""12"""
"1124045,""0xa54c11dc5c04ed8b95481d1cd8ec07695b1d5583"",""htdao.eth"",""Tue, 07 Sep 2021 00:42:50 GMT"",""1"",""173"""
"1124050,""0x65d6e0beaae01021d6471ec87e60a3d1ff32e132"",""howareyou.eth"",""Tue, 07 Sep 2021 00:43:05 GMT"",""1"",""165"""
"1124051,""0xabed509cbe5cc1f307c710fad402a4a2961bdd44"","""",""Tue, 07 Sep 2021 00:43:05 GMT"",""1"",""3"""
"1124055,""0xf77133704414d5271bd2be3a5d39703f4b9686e6"","""",""Tue, 07 Sep 2021 00:43:15 GMT"",""1"",""225"""
"1124058,""0xff2d8e8a1e5e7ca6d10febf7def2f7b355533984"","""",""Tue, 07 Sep 2021 00:43:25 GMT"",""1"",""27"""
"1124072,""0xc2b7b3aea799b73f6beb8e923484875d64f6d0cd"","""",""Tue, 07 Sep 2021 00:44:00 GMT"",""1"",""217"""
"1124074,""0xa7152e0a160cc8f6b7c87e5e405c025abc0b1bb0"","""",""Tue, 07 Sep 2021 00:44:05 GMT"",""1"",""91"""
"1124075,""0x9a258aa9020589e37d128b1aec0a6a2280ed5adf"","""",""Tue, 07 Sep 2021 00:44:05 GMT"",""1"",""13"""
"1124084,""0x1ed1a096f89560968c4bba9790ed43cccff51e15"","""",""Tue, 07 Sep 2021 00:44:25 GMT"",""1"",""47"""
"1124089,""0x641c3b74392bf2bcc393ae4d18b0c5b87bc56520"","""",""Tue, 07 Sep 2021 00:44:45 GMT"",""1"",""421"""
"1124091,""0x0ccca06767fb7b33a1e90b4d3b4ae0ee300afccd"","""",""Tue, 07 Sep 2021 00:44:45 GMT"",""1"",""11"""
"1124113,""0x919c5ec2628e61156feee5444ebfb4db20434343"","""",""Tue, 07 Sep 2021 00:45:50 GMT"",""1"",""3"""
"1124117,""0xd1bc2dbb8ebc0707ed89499116040a3efc3f97f2"",""lixiaojing.eth"",""Tue, 07 Sep 2021 00:45:55 GMT"",""1"",""504"""
"1124128,""0xe1f4a28c938f19f9c058d2326b7109a3ae8293d4"","""",""Tue, 07 Sep 2021 00:46:40 GMT"",""1"",""20"""
"1124133,""0x56e7f51c6309800fde4c0b806459d7b197dd29d9"","""",""Tue, 07 Sep 2021 00:46:50 GMT"",""1"",""10"""
"1124139,""0x2bdba06b4d0f95f63c484ec40a549c1945fb3968"","""",""Tue, 07 Sep 2021 00:47:00 GMT"",""1"",""127"""
"1124144,""0x86678e4d61eb6e81bec1c2dd2d2cd125f13eaae9"","""",""Tue, 07 Sep 2021 00:47:05 GMT"",""1"",""15"""
"1124150,""0x2f52d42bc3deaef33d89f6e61352c93d72f5201c"",""dongqiliu.eth"",""Tue, 07 Sep 2021 00:47:15 GMT"",""1"",""202"""
"1124158,""0xbe3e5e12ab9f40ed894a7c9bf8fb974f9a62ac42"","""",""Tue, 07 Sep 2021 00:47:35 GMT"",""1"",""27"""
"1124161,""0x362035ba9491d16ca5f6398b3022963213932f31"","""",""Tue, 07 Sep 2021 00:47:45 GMT"",""1"",""12"""
"1124162,""0x275b66d87458649f5b2d913ea6ae23ec32f23ece"","""",""Tue, 07 Sep 2021 00:47:45 GMT"",""1"",""96"""
"1124165,""0x95f357ba8de42090daf892c727b8a716fbf418a0"",""redash.eth"",""Tue, 07 Sep 2021 00:47:45 GMT"",""1"",""77"""
"1124166,""0x97a45d6566937cf892d6d49cd82b5993d0d73a6a"","""",""Tue, 07 Sep 2021 00:47:55 GMT"",""1"",""8"""
"1124174,""0xcaf99feaba3a2798ed36ebdc8fdee0a14588647e"","""",""Tue, 07 Sep 2021 00:48:10 GMT"",""1"",""525"""
"1124183,""0xcb8d2b7ead54f745e43ef48ad0efc45e20667aaa"",""dogeman.eth"",""Tue, 07 Sep 2021 00:48:45 GMT"",""1"",""136"""
"1124184,""0xfcb1aad990d5141d9b5717b51ce4347b6c7e7caf"","""",""Tue, 07 Sep 2021 00:48:45 GMT"",""1"",""20"""
"1124189,""0xe99744a56e69f5ff7c64397eb5f2dd89bb2a1312"","""",""Tue, 07 Sep 2021 00:49:00 GMT"",""1"",""11"""
"1124190,""0x68afcf9e4f46ac216bfb8dd68b7cb7a8b4d0b700"","""",""Tue, 07 Sep 2021 00:49:00 GMT"",""1"",""86"""
"1124193,""0x1a0d5bcfebbd5ff09e50ccef54c139d1f79ea13c"","""",""Tue, 07 Sep 2021 00:49:10 GMT"",""1"",""30"""
"1124195,""0xaf2529985472392ea4c1c5f0443e0f7078071006"","""",""Tue, 07 Sep 2021 00:49:20 GMT"",""1"",""63"""
"2008663,""0x16888860e7e9906d4099098dfbf3489b114e5cb4"","""",""Thu, 07 Oct 2021 09:50:05 GMT"",""2"",""1995"""
"2200082,""0x5bfb8982a97df43c2512f074534fd4f3ac12588b"","""",""Mon, 18 Oct 2021 14:02:10 GMT"",""1"",""1053"""
"2218062,""0x16888860e7e9906d4099098dfbf3489b114e5cb4"","""",""Wed, 20 Oct 2021 12:27:40 GMT"",""2"",""1995"""
